Respondent_ID,Timestamp,Region,Age_Group,Gender,Occupation,Primary_Tech_Stack,Work_Setup_Preference,Satisfaction_Score,Feedback,Date,Feedback_Length
R0001,2024-02-20 16:24:40,North America,18-24,Male,Manager,Python,Hybrid,5,Highly efficient tool,2024-02-20,21
R0002,2024-04-28 15:03:28,Europe,18-24,Female,Software Engineer,R,Hybrid,2,Poor experience,2024-04-28,15
R0003,2024-03-05 12:37:39,Europe,25-34,Female,Software Engineer,Python,Hybrid,4,Highly efficient tool,2024-03-05,21
R0004,2024-02-05 07:42:51,Middle East,25-34,Female,Manager,C++,Remote,3,It's okay,2024-02-05,9
R0005,2024-04-18 21:21:57,Europe,25-34,Male,Software Engineer,Javascript,Hybrid,4,Nothing special,2024-04-18,15
R0006,2024-04-17 23:46:16,North America,25-34,Female,Software Engineer,Javascript,Hybrid,3,Very satisfied with the results,2024-04-17,31
R0007,2024-03-29 17:26:54,Africa,25-34,Male,Researcher,Java,On-Site,4,Average experience,2024-03-29,18
R0008,2024-03-20 22:51:59,Africa,25-34,Male,Researcher,C++,Remote,2,Average experience,2024-03-20,18
R0009,2024-04-05 12:06:11,Europe,18-24,Male,Student,Python,Remote,4,Highly efficient tool,2024-04-05,21
R0010,2024-02-26 02:04:22,Europe,25-34,Female,Researcher,Python,Remote,4,Very satisfied with the results,2024-02-26,31
R0011,2024-03-07 20:54:44,North America,18-24,Male,Researcher,Python,Remote,4,Very useful and easy to use,2024-03-07,27
R0012,2024-01-30 12:07:30,Asia-Pacific,18-24,Female,Researcher,Python,Remote,5,Great experience,2024-01-30,16
R0013,2024-04-27 11:08:27,Africa,18-24,Male,Researcher,R,On-Site,1,Not satisfied,2024-04-27,13
R0014,2024-04-01 18:51:47,Africa,35-44,Male,Data Analyst,Python,Hybrid,5,Very useful and easy to use,2024-04-01,27
R0015,2024-02-28 10:03:35,North America,35-44,Female,Manager,Python,Hybrid,4,Great experience,2024-02-28,16
R0016,2024-04-22 11:38:08,North America,35-44,Male,Manager,Java,Remote,4,Works fine,2024-04-22,10
R0017,2024-01-10 10:12:42,Europe,18-24,Female,Software Engineer,C++,On-Site,2,Nothing special,2024-01-10,15
R0018,2024-02-02 01:50:22,North America,18-24,Female,Data Analyst,Javascript,Remote,4,Loved the flexibility,2024-02-02,21
R0019,2024-03-06 16:06:12,Africa,35-44,Male,Student,Java,Hybrid,3,It's okay,2024-03-06,9
R0020,2024-02-04 14:35:49,Middle East,18-24,Female,Researcher,Javascript,Remote,3,Highly efficient tool,2024-02-04,21
R0021,2024-02-29 12:37:35,North America,25-34,Male,Software Engineer,Python,Remote,5,Highly efficient tool,2024-02-29,21
R0022,2024-04-25 04:52:45,Africa,25-34,Male,Student,Javascript,Remote,5,Can be improved,2024-04-25,15
R0023,2024-01-17 02:53:47,Europe,35-44,Male,Researcher,Python,Remote,4,Loved the flexibility,2024-01-17,21
R0024,2024-04-20 08:59:19,Middle East,18-24,Male,Data Analyst,Python,Remote,4,Loved the flexibility,2024-04-20,21
R0025,2024-02-11 05:37:14,Africa,18-24,Male,Software Engineer,Java,Remote,4,It's okay,2024-02-11,9
R0026,2024-04-06 19:03:23,Middle East,18-24,Male,Researcher,Java,On-Site,4,It's okay,2024-04-06,9
R0027,2024-04-17 06:27:43,Europe,45+,Male,Manager,Java,On-Site,4,It's okay,2024-04-17,9
R0028,2024-04-27 13:49:50,Africa,25-34,Male,Software Engineer,Javascript,Hybrid,3,Works fine,2024-04-27,10
R0029,2024-03-26 01:36:03,Asia-Pacific,35-44,Female,Software Engineer,Python,Remote,4,Loved the flexibility,2024-03-26,21
R0030,2024-01-19 18:52:01,Europe,35-44,Male,Researcher,Javascript,On-Site,5,It's okay,2024-01-19,9
R0031,2024-02-20 09:32:44,Europe,18-24,Female,Student,Python,Remote,4,Very useful and easy to use,2024-02-20,27
R0032,2024-04-29 08:23:27,Asia-Pacific,18-24,Female,Manager,Python,Remote,5,Very satisfied with the results,2024-04-29,31
R0033,2024-01-23 06:23:26,North America,18-24,Female,Student,Python,Remote,5,Great experience,2024-01-23,16
R0034,2024-03-06 22:00:18,Middle East,35-44,Male,Researcher,Python,Remote,5,Highly efficient tool,2024-03-06,21
R0035,2024-03-31 11:35:43,Africa,25-34,Female,Researcher,Javascript,Remote,3,It's okay,2024-03-31,9
R0036,2024-04-17 20:08:51,North America,45+,Female,Data Analyst,Java,Remote,2,Works fine,2024-04-17,10
R0037,2024-04-28 06:48:35,Europe,45+,Female,Manager,Java,Remote,4,Works fine,2024-04-28,10
R0038,2024-02-27 17:40:38,Africa,18-24,Female,Data Analyst,Javascript,Hybrid,5,Average experience,2024-02-27,18
R0039,2024-01-12 21:10:01,Europe,18-24,Male,Student,Python,Remote,5,Very useful and easy to use,2024-01-12,27
R0040,2024-01-17 18:14:20,Middle East,18-24,Female,Data Analyst,Python,On-Site,4,Very satisfied with the results,2024-01-17,31
R0041,2024-03-18 17:05:12,Asia-Pacific,18-24,Male,Software Engineer,Java,Remote,4,Average experience,2024-03-18,18
R0042,2024-03-19 23:54:19,Middle East,18-24,Female,Researcher,Python,Remote,4,Very satisfied with the results,2024-03-19,31
R0043,2024-03-05 03:24:17,Europe,25-34,Female,Data Analyst,Python,On-Site,4,Very satisfied with the results,2024-03-05,31
R0044,2024-03-10 18:13:56,North America,35-44,Female,Software Engineer,Python,Hybrid,4,Great experience,2024-03-10,16
R0045,2024-03-30 16:19:22,Asia-Pacific,18-24,Male,Data Analyst,Javascript,On-Site,3,Highly efficient tool,2024-03-30,21
R0046,2024-02-21 23:40:06,North America,35-44,Female,Researcher,Javascript,On-Site,5,Great experience,2024-02-21,16
R0047,2024-03-22 00:39:57,Africa,45+,Female,Software Engineer,Javascript,Remote,3,Very useful and easy to use,2024-03-22,27
R0048,2024-04-09 20:03:05,North America,35-44,Male,Software Engineer,Python,On-Site,4,Loved the flexibility,2024-04-09,21
R0049,2024-04-14 12:54:05,Europe,18-24,Male,Researcher,Javascript,Hybrid,5,Loved the flexibility,2024-04-14,21
R0050,2024-03-08 16:34:54,Europe,35-44,Female,Manager,Python,Remote,4,Great experience,2024-03-08,16
R0051,2024-02-18 17:12:20,North America,25-34,Female,Student,Python,Hybrid,5,Great experience,2024-02-18,16
R0052,2024-01-21 11:22:00,Europe,25-34,Male,Student,Python,Remote,5,Very satisfied with the results,2024-01-21,31
R0053,2024-02-04 15:20:01,Africa,18-24,Male,Software Engineer,Python,Remote,4,Loved the flexibility,2024-02-04,21
R0054,2024-03-16 22:53:27,North America,18-24,Male,Data Analyst,Javascript,Remote,5,Very satisfied with the results,2024-03-16,31
R0055,2024-01-10 13:38:17,Europe,18-24,Female,Software Engineer,Python,Remote,5,Highly efficient tool,2024-01-10,21
R0056,2024-01-31 09:42:43,Asia-Pacific,25-34,Female,Software Engineer,Java,Hybrid,2,Can be improved,2024-01-31,15
R0057,2024-02-08 10:52:31,Middle East,35-44,Female,Data Analyst,Python,Remote,4,Great experience,2024-02-08,16
R0058,2024-03-15 13:03:46,Middle East,25-34,Male,Manager,Python,Remote,5,Great experience,2024-03-15,16
R0059,2024-03-04 08:01:35,Middle East,25-34,Male,Researcher,C++,Remote,3,Can be improved,2024-03-04,15
R0060,2024-01-07 00:58:55,Asia-Pacific,25-34,Male,Researcher,Javascript,Hybrid,3,Very satisfied with the results,2024-01-07,31
R0061,2024-01-13 14:29:21,Asia-Pacific,35-44,Male,Manager,Java,On-Site,2,Average experience,2024-01-13,18
R0062,2024-01-30 00:02:21,Europe,25-34,Female,Manager,R,On-Site,2,It's okay,2024-01-30,9
R0063,2024-04-22 22:30:39,North America,18-24,Female,Student,Python,On-Site,4,Loved the flexibility,2024-04-22,21
R0064,2024-04-24 19:20:18,Middle East,25-34,Male,Student,Python,Remote,4,Loved the flexibility,2024-04-24,21
R0065,2024-01-15 02:26:46,Middle East,45+,Female,Researcher,Python,Hybrid,4,Very useful and easy to use,2024-01-15,27
R0066,2024-01-12 16:55:36,Middle East,25-34,Female,Manager,Javascript,Remote,3,Nothing special,2024-01-12,15
R0067,2024-01-15 18:30:24,North America,25-34,Female,Manager,Javascript,Hybrid,4,Highly efficient tool,2024-01-15,21
R0068,2024-03-28 08:43:19,Middle East,25-34,Female,Researcher,Javascript,Hybrid,3,Works fine,2024-03-28,10
R0069,2024-02-23 01:35:46,Middle East,25-34,Male,Student,R,On-Site,3,Poor experience,2024-02-23,15
R0070,2024-04-10 22:35:20,Africa,35-44,Female,Researcher,Python,Remote,5,Very useful and easy to use,2024-04-10,27
R0071,2024-01-07 16:17:58,Asia-Pacific,18-24,Female,Data Analyst,Python,Hybrid,5,Loved the flexibility,2024-01-07,21
R0072,2024-04-01 21:22:45,Asia-Pacific,35-44,Female,Data Analyst,Python,Remote,4,Loved the flexibility,2024-04-01,21
R0073,2024-03-02 06:19:01,Europe,45+,Female,Software Engineer,R,Hybrid,1,Nothing special,2024-03-02,15
R0074,2024-03-05 21:42:18,Asia-Pacific,45+,Female,Manager,Javascript,Remote,3,Great experience,2024-03-05,16
R0075,2024-04-12 17:07:51,North America,25-34,Female,Manager,R,Hybrid,2,Poor experience,2024-04-12,15
R0076,2024-04-04 15:35:32,Africa,18-24,Female,Student,Python,On-Site,5,Great experience,2024-04-04,16
R0077,2024-02-27 03:57:24,Europe,18-24,Female,Researcher,Python,Hybrid,4,Loved the flexibility,2024-02-27,21
R0078,2024-01-15 09:15:54,Asia-Pacific,45+,Male,Manager,Java,On-Site,4,Average experience,2024-01-15,18
R0079,2024-04-25 14:55:20,Africa,18-24,Female,Data Analyst,Java,On-Site,2,Nothing special,2024-04-25,15
R0080,2024-02-20 07:13:39,Africa,18-24,Male,Data Analyst,Java,Remote,4,Average experience,2024-02-20,18
R0081,2024-01-06 19:53:40,Middle East,25-34,Male,Software Engineer,C++,Remote,3,It's okay,2024-01-06,9
R0082,2024-01-17 19:16:25,North America,25-34,Male,Manager,Javascript,Hybrid,4,Average experience,2024-01-17,18
R0083,2024-01-25 17:48:25,Europe,25-34,Female,Researcher,R,On-Site,3,Poor experience,2024-01-25,15
R0084,2024-01-01 11:49:12,Asia-Pacific,45+,Male,Researcher,C++,On-Site,1,Not very user friendly,2024-01-01,22
R0085,2024-01-18 08:58:00,Europe,18-24,Female,Data Analyst,Javascript,Remote,3,It's okay,2024-01-18,9
R0086,2024-01-25 14:54:22,North America,18-24,Female,Software Engineer,Java,On-Site,2,Nothing special,2024-01-25,15
R0087,2024-01-28 01:44:40,Europe,18-24,Female,Student,Python,Hybrid,5,Great experience,2024-01-28,16
R0088,2024-03-15 23:49:01,Africa,35-44,Male,Data Analyst,Javascript,Hybrid,5,Very useful and easy to use,2024-03-15,27
R0089,2024-04-04 07:13:30,Middle East,25-34,Male,Data Analyst,R,Remote,1,Had some issues,2024-04-04,15
R0090,2024-01-23 07:14:24,North America,25-34,Female,Software Engineer,Java,Remote,2,Nothing special,2024-01-23,15
R0091,2024-01-06 03:10:41,Africa,25-34,Female,Data Analyst,Java,Hybrid,4,Average experience,2024-01-06,18
R0092,2024-03-11 07:13:58,Africa,18-24,Female,Student,C++,Remote,1,Can be improved,2024-03-11,15
R0093,2024-03-18 10:18:09,Middle East,25-34,Male,Manager,Javascript,Remote,4,Great experience,2024-03-18,16
R0094,2024-01-02 18:28:27,Asia-Pacific,25-34,Male,Manager,Python,Remote,4,Loved the flexibility,2024-01-02,21
R0095,2024-04-19 06:25:41,North America,25-34,Male,Student,Python,Hybrid,4,Highly efficient tool,2024-04-19,21
R0096,2024-01-06 17:59:27,Asia-Pacific,25-34,Female,Student,Javascript,Hybrid,3,Nothing special,2024-01-06,15
R0097,2024-01-11 19:35:21,Africa,18-24,Female,Software Engineer,C++,Hybrid,2,It's okay,2024-01-11,9
R0098,2024-04-09 13:17:50,Europe,35-44,Male,Manager,Javascript,On-Site,3,Nothing special,2024-04-09,15
R0099,2024-01-25 10:17:24,Middle East,45+,Female,Software Engineer,Java,Remote,2,Average experience,2024-01-25,18
R0100,2024-02-09 00:24:15,Asia-Pacific,35-44,Female,Manager,Javascript,On-Site,4,Works fine,2024-02-09,10
R0101,2024-03-07 12:56:04,Europe,35-44,Female,Student,Python,Remote,5,Very useful and easy to use,2024-03-07,27
R0102,2024-04-13 21:21:09,Africa,25-34,Female,Data Analyst,Python,Remote,4,Very satisfied with the results,2024-04-13,31
R0103,2024-02-27 11:32:45,Middle East,35-44,Male,Manager,C++,Remote,3,Poor experience,2024-02-27,15
R0104,2024-01-30 14:08:39,Middle East,45+,Male,Manager,R,Remote,2,Not satisfied,2024-01-30,13
R0105,2024-04-07 07:08:58,North America,25-34,Male,Data Analyst,C++,Remote,2,Works fine,2024-04-07,10
R0106,2024-01-04 12:42:14,Middle East,25-34,Male,Data Analyst,Javascript,On-Site,4,Loved the flexibility,2024-01-04,21
R0107,2024-01-26 07:15:42,Middle East,25-34,Male,Researcher,Python,Remote,4,Very satisfied with the results,2024-01-26,31
R0108,2024-01-24 12:31:01,Asia-Pacific,35-44,Female,Student,R,Hybrid,2,Works fine,2024-01-24,10
R0109,2024-02-09 17:16:42,Middle East,25-34,Female,Data Analyst,Python,Remote,5,Loved the flexibility,2024-02-09,21
R0110,2024-02-28 20:00:49,North America,45+,Male,Student,C++,Remote,2,Had some issues,2024-02-28,15
R0111,2024-01-26 06:59:06,North America,25-34,Female,Researcher,Java,Remote,4,Works fine,2024-01-26,10
R0112,2024-04-18 09:31:48,North America,18-24,Male,Software Engineer,C++,Hybrid,2,Not very user friendly,2024-04-18,22
R0113,2024-01-04 12:41:10,Asia-Pacific,25-34,Female,Software Engineer,R,Hybrid,3,Needs improvement,2024-01-04,17
R0114,2024-04-23 10:39:23,Middle East,18-24,Female,Data Analyst,R,Hybrid,2,Average experience,2024-04-23,18
R0115,2024-01-23 19:23:32,Asia-Pacific,18-24,Male,Student,Python,Hybrid,4,Very useful and easy to use,2024-01-23,27
R0116,2024-04-03 15:50:52,Africa,35-44,Female,Researcher,Python,Remote,5,Very satisfied with the results,2024-04-03,31
R0117,2024-03-16 03:21:15,Asia-Pacific,35-44,Female,Student,C++,Remote,1,It's okay,2024-03-16,9
R0118,2024-01-30 01:28:46,Middle East,35-44,Female,Student,Java,Hybrid,2,It's okay,2024-01-30,9
R0119,2024-03-25 06:38:25,Europe,35-44,Female,Student,Python,Remote,5,Highly efficient tool,2024-03-25,21
R0120,2024-02-19 06:51:53,Middle East,45+,Female,Software Engineer,R,On-Site,3,Not satisfied,2024-02-19,13
R0121,2024-02-09 12:33:00,Asia-Pacific,18-24,Female,Researcher,Python,Remote,5,Very satisfied with the results,2024-02-09,31
R0122,2024-01-25 04:17:29,North America,18-24,Male,Student,Javascript,Remote,4,Works fine,2024-01-25,10
R0123,2024-04-02 15:17:51,Middle East,18-24,Male,Student,Java,Remote,3,Can be improved,2024-04-02,15
R0124,2024-03-01 12:09:03,Africa,25-34,Male,Data Analyst,Python,Remote,4,Very satisfied with the results,2024-03-01,31
R0125,2024-01-15 12:46:31,Europe,25-34,Female,Manager,R,Remote,2,Nothing special,2024-01-15,15
R0126,2024-04-20 15:59:54,Europe,25-34,Female,Student,Javascript,Remote,3,Can be improved,2024-04-20,15
R0127,2024-01-04 17:43:15,Middle East,45+,Female,Software Engineer,Python,Remote,5,Very satisfied with the results,2024-01-04,31
R0128,2024-04-10 20:34:52,Africa,18-24,Female,Student,Javascript,Remote,5,Highly efficient tool,2024-04-10,21
R0129,2024-04-20 13:25:32,Africa,25-34,Male,Manager,Python,On-Site,4,Great experience,2024-04-20,16
R0130,2024-01-13 08:12:35,North America,18-24,Male,Data Analyst,Python,Remote,5,Great experience,2024-01-13,16
R0131,2024-01-22 00:56:01,Europe,18-24,Male,Data Analyst,Javascript,Hybrid,5,Highly efficient tool,2024-01-22,21
R0132,2024-01-06 12:11:36,Africa,35-44,Female,Software Engineer,Python,On-Site,5,Great experience,2024-01-06,16
R0133,2024-03-11 23:24:27,Europe,18-24,Male,Software Engineer,Java,Remote,3,Can be improved,2024-03-11,15
R0134,2024-01-31 11:05:12,North America,18-24,Female,Student,Python,Hybrid,5,Loved the flexibility,2024-01-31,21
R0135,2024-02-26 12:54:14,Europe,18-24,Male,Data Analyst,Javascript,Remote,4,Nothing special,2024-02-26,15
R0136,2024-04-12 17:27:22,North America,18-24,Male,Student,Python,Remote,4,Very satisfied with the results,2024-04-12,31
R0137,2024-03-20 00:37:11,Africa,25-34,Male,Manager,Java,Hybrid,2,It's okay,2024-03-20,9
R0138,2024-01-13 18:54:22,Asia-Pacific,18-24,Male,Researcher,Javascript,Hybrid,5,Loved the flexibility,2024-01-13,21
R0139,2024-02-29 00:22:00,Europe,35-44,Male,Student,Python,Hybrid,5,Great experience,2024-02-29,16
R0140,2024-02-23 14:25:26,Europe,18-24,Male,Researcher,Java,Hybrid,3,Can be improved,2024-02-23,15
R0141,2024-03-27 20:42:12,Middle East,18-24,Female,Software Engineer,R,Hybrid,3,Works fine,2024-03-27,10
R0142,2024-01-03 05:09:26,Africa,35-44,Female,Data Analyst,R,Remote,2,Can be improved,2024-01-03,15
R0143,2024-02-28 09:01:52,Africa,25-34,Male,Data Analyst,Javascript,Hybrid,4,It's okay,2024-02-28,9
R0144,2024-03-29 09:02:40,Middle East,18-24,Female,Data Analyst,Python,On-Site,4,Very satisfied with the results,2024-03-29,31
R0145,2024-01-23 20:07:40,Asia-Pacific,18-24,Female,Researcher,Python,Remote,4,Great experience,2024-01-23,16
R0146,2024-03-02 12:34:33,Asia-Pacific,35-44,Male,Manager,Python,Hybrid,5,Loved the flexibility,2024-03-02,21
R0147,2024-02-19 02:11:35,Africa,18-24,Female,Researcher,Python,Remote,5,Very satisfied with the results,2024-02-19,31
R0148,2024-02-23 13:08:28,Africa,18-24,Female,Researcher,Java,Remote,4,Can be improved,2024-02-23,15
R0149,2024-02-14 00:31:32,Asia-Pacific,18-24,Female,Researcher,Python,Remote,4,Highly efficient tool,2024-02-14,21
R0150,2024-04-21 13:39:08,North America,18-24,Male,Data Analyst,C++,On-Site,3,Works fine,2024-04-21,10
R0151,2024-04-17 14:18:40,Asia-Pacific,18-24,Male,Student,Python,On-Site,4,Loved the flexibility,2024-04-17,21
R0152,2024-02-25 02:32:29,Middle East,25-34,Male,Researcher,Javascript,Remote,4,Very satisfied with the results,2024-02-25,31
R0153,2024-01-09 00:44:14,North America,18-24,Female,Student,Javascript,Remote,5,Works fine,2024-01-09,10
R0154,2024-03-22 01:13:47,Middle East,25-34,Female,Data Analyst,Javascript,Hybrid,5,Very satisfied with the results,2024-03-22,31
R0155,2024-02-06 17:53:52,North America,35-44,Male,Manager,Java,Remote,2,Works fine,2024-02-06,10
R0156,2024-01-05 04:04:55,Asia-Pacific,18-24,Female,Data Analyst,Javascript,Hybrid,4,It's okay,2024-01-05,9
R0157,2024-01-14 10:57:56,Europe,18-24,Male,Data Analyst,Python,Hybrid,5,Very useful and easy to use,2024-01-14,27
R0158,2024-02-13 07:27:02,North America,18-24,Male,Software Engineer,Java,Remote,2,Works fine,2024-02-13,10
R0159,2024-04-28 00:02:10,Europe,35-44,Female,Software Engineer,Java,Hybrid,2,Average experience,2024-04-28,18
R0160,2024-04-11 05:31:08,Asia-Pacific,35-44,Female,Software Engineer,R,On-Site,2,Works fine,2024-04-11,10
R0161,2024-03-23 17:12:25,Middle East,35-44,Female,Software Engineer,Python,On-Site,5,Loved the flexibility,2024-03-23,21
R0162,2024-04-08 13:22:52,Europe,18-24,Male,Student,Python,Remote,5,Loved the flexibility,2024-04-08,21
R0163,2024-03-15 05:48:48,Europe,18-24,Male,Software Engineer,Python,Remote,4,Great experience,2024-03-15,16
R0164,2024-01-25 10:51:29,Middle East,25-34,Female,Student,Javascript,Remote,4,Loved the flexibility,2024-01-25,21
R0165,2024-01-06 17:21:47,Europe,35-44,Female,Student,R,On-Site,1,Needs improvement,2024-01-06,17
R0166,2024-03-08 15:43:36,Europe,18-24,Male,Researcher,Java,Remote,4,Average experience,2024-03-08,18
R0167,2024-01-21 20:57:16,Middle East,18-24,Male,Software Engineer,Java,Hybrid,2,Nothing special,2024-01-21,15
R0168,2024-02-19 08:30:40,Asia-Pacific,18-24,Male,Student,Python,Remote,5,Loved the flexibility,2024-02-19,21
R0169,2024-03-18 07:41:31,Europe,25-34,Male,Researcher,Javascript,Hybrid,5,Highly efficient tool,2024-03-18,21
R0170,2024-02-01 14:05:32,Africa,18-24,Male,Researcher,Python,Remote,4,Very useful and easy to use,2024-02-01,27
R0171,2024-02-03 21:58:57,Middle East,45+,Female,Data Analyst,Javascript,Remote,5,Works fine,2024-02-03,10
R0172,2024-03-31 22:42:15,Africa,25-34,Male,Student,Javascript,Remote,5,Loved the flexibility,2024-03-31,21
R0173,2024-03-19 01:07:19,Asia-Pacific,25-34,Male,Manager,C++,On-Site,1,Poor experience,2024-03-19,15
R0174,2024-02-14 02:38:43,Asia-Pacific,18-24,Female,Student,Java,Remote,4,Nothing special,2024-02-14,15
R0175,2024-03-30 23:19:58,North America,25-34,Male,Researcher,Java,Hybrid,3,Works fine,2024-03-30,10
R0176,2024-03-28 05:37:49,Africa,45+,Female,Researcher,C++,Hybrid,2,Can be improved,2024-03-28,15
R0177,2024-02-16 23:30:50,Europe,18-24,Male,Data Analyst,Javascript,Remote,5,It's okay,2024-02-16,9
R0178,2024-03-25 14:56:41,Europe,45+,Male,Student,Python,Remote,5,Very satisfied with the results,2024-03-25,31
R0179,2024-01-08 03:40:07,Asia-Pacific,25-34,Male,Software Engineer,Javascript,Remote,5,Works fine,2024-01-08,10
R0180,2024-02-05 22:11:24,Africa,18-24,Female,Manager,Python,Remote,4,Great experience,2024-02-05,16
R0181,2024-01-01 11:45:21,Europe,18-24,Female,Researcher,R,Hybrid,2,Average experience,2024-01-01,18
R0182,2024-04-18 18:38:45,Asia-Pacific,18-24,Male,Student,Python,Hybrid,5,Very useful and easy to use,2024-04-18,27
R0183,2024-02-17 09:49:17,Africa,35-44,Male,Researcher,Java,Remote,4,Average experience,2024-02-17,18
R0184,2024-01-06 11:21:00,North America,25-34,Male,Researcher,Python,Hybrid,5,Very useful and easy to use,2024-01-06,27
R0185,2024-01-06 23:04:25,North America,18-24,Female,Data Analyst,Javascript,Hybrid,3,Very satisfied with the results,2024-01-06,31
R0186,2024-03-16 22:58:11,Europe,18-24,Male,Student,Javascript,Remote,5,Nothing special,2024-03-16,15
R0187,2024-03-06 16:51:26,North America,18-24,Female,Researcher,Python,Hybrid,4,Very useful and easy to use,2024-03-06,27
R0188,2024-04-08 17:00:58,Middle East,18-24,Female,Software Engineer,Python,Remote,5,Loved the flexibility,2024-04-08,21
R0189,2024-02-26 23:26:10,Europe,18-24,Male,Software Engineer,C++,On-Site,3,Had some issues,2024-02-26,15
R0190,2024-03-05 21:38:34,Middle East,35-44,Female,Data Analyst,Python,Remote,4,Highly efficient tool,2024-03-05,21
R0191,2024-02-17 10:57:09,Europe,25-34,Male,Software Engineer,Javascript,Remote,3,Great experience,2024-02-17,16
R0192,2024-04-05 03:23:39,Africa,25-34,Male,Student,Java,Hybrid,2,Works fine,2024-04-05,10
R0193,2024-03-18 15:23:34,Europe,18-24,Male,Researcher,R,On-Site,2,Can be improved,2024-03-18,15
R0194,2024-03-12 08:44:13,Europe,25-34,Female,Student,Java,Remote,2,It's okay,2024-03-12,9
R0195,2024-04-06 22:21:11,Europe,25-34,Male,Manager,R,Remote,3,Nothing special,2024-04-06,15
R0196,2024-02-13 03:20:59,Middle East,45+,Male,Data Analyst,Java,Remote,4,Works fine,2024-02-13,10
R0197,2024-01-11 23:59:29,Asia-Pacific,35-44,Female,Manager,Python,Remote,4,Loved the flexibility,2024-01-11,21
R0198,2024-02-22 07:13:11,Europe,18-24,Female,Manager,C++,Remote,1,Poor experience,2024-02-22,15
R0199,2024-01-11 21:02:15,North America,18-24,Male,Student,C++,Remote,1,Not very user friendly,2024-01-11,22
R0200,2024-02-28 11:56:22,Middle East,18-24,Female,Software Engineer,Javascript,Hybrid,4,It's okay,2024-02-28,9
R0201,2024-03-24 01:58:55,Europe,35-44,Female,Researcher,Javascript,Hybrid,3,Loved the flexibility,2024-03-24,21
R0202,2024-02-13 00:52:31,North America,25-34,Male,Researcher,Python,Hybrid,5,Very useful and easy to use,2024-02-13,27
R0203,2024-01-28 06:43:48,Europe,35-44,Male,Software Engineer,C++,Remote,2,Not satisfied,2024-01-28,13
R0204,2024-02-01 21:17:05,Africa,25-34,Female,Researcher,Java,Remote,2,It's okay,2024-02-01,9
R0205,2024-03-10 10:16:32,Africa,45+,Male,Student,Python,Remote,5,Loved the flexibility,2024-03-10,21
R0206,2024-01-06 04:29:59,Europe,18-24,Male,Researcher,Python,Hybrid,5,Loved the flexibility,2024-01-06,21
R0207,2024-04-11 16:11:47,Europe,35-44,Female,Student,Java,Remote,2,Can be improved,2024-04-11,15
R0208,2024-04-17 20:41:15,Europe,18-24,Male,Researcher,Java,On-Site,3,It's okay,2024-04-17,9
R0209,2024-03-28 17:40:45,Africa,18-24,Male,Manager,Javascript,On-Site,5,Nothing special,2024-03-28,15
R0210,2024-04-22 13:05:37,Middle East,18-24,Male,Student,Java,Remote,3,Average experience,2024-04-22,18
R0211,2024-02-08 09:26:25,Africa,18-24,Female,Manager,C++,Hybrid,1,Nothing special,2024-02-08,15
R0212,2024-03-27 07:52:50,North America,18-24,Male,Researcher,Python,Hybrid,5,Highly efficient tool,2024-03-27,21
R0213,2024-03-30 01:26:36,Europe,35-44,Female,Software Engineer,Java,Hybrid,4,Works fine,2024-03-30,10
R0214,2024-04-03 09:04:15,Africa,18-24,Male,Researcher,Java,On-Site,2,Average experience,2024-04-03,18
R0215,2024-01-24 09:37:16,Asia-Pacific,35-44,Male,Manager,Python,Hybrid,4,Very satisfied with the results,2024-01-24,31
R0216,2024-01-10 17:22:28,North America,25-34,Male,Researcher,Python,Hybrid,4,Very useful and easy to use,2024-01-10,27
R0217,2024-03-22 13:45:19,Europe,18-24,Male,Software Engineer,C++,On-Site,1,Not very user friendly,2024-03-22,22
R0218,2024-01-22 08:51:27,Middle East,25-34,Female,Data Analyst,Python,Remote,4,Very useful and easy to use,2024-01-22,27
R0219,2024-01-27 00:30:10,Asia-Pacific,25-34,Female,Data Analyst,C++,On-Site,3,Needs improvement,2024-01-27,17
R0220,2024-03-02 05:01:08,Asia-Pacific,25-34,Female,Data Analyst,Javascript,On-Site,4,Nothing special,2024-03-02,15
R0221,2024-03-20 06:55:05,Middle East,18-24,Male,Student,Javascript,Remote,4,Highly efficient tool,2024-03-20,21
R0222,2024-04-25 14:20:42,Asia-Pacific,18-24,Female,Manager,Java,Remote,3,Works fine,2024-04-25,10
R0223,2024-01-18 04:25:52,Europe,35-44,Male,Software Engineer,Javascript,On-Site,5,Loved the flexibility,2024-01-18,21
R0224,2024-03-20 09:44:41,Africa,35-44,Male,Manager,Javascript,On-Site,3,Highly efficient tool,2024-03-20,21
R0225,2024-03-04 11:33:03,Europe,25-34,Female,Student,Python,Remote,5,Great experience,2024-03-04,16
R0226,2024-03-02 13:30:02,Africa,35-44,Female,Software Engineer,Python,Remote,4,Very satisfied with the results,2024-03-02,31
R0227,2024-04-12 14:31:06,Asia-Pacific,25-34,Male,Manager,Java,Remote,3,Nothing special,2024-04-12,15
R0228,2024-02-12 10:06:50,North America,25-34,Female,Data Analyst,Java,Remote,3,Nothing special,2024-02-12,15
R0229,2024-02-12 09:35:15,Middle East,18-24,Female,Data Analyst,Python,Hybrid,5,Very useful and easy to use,2024-02-12,27
R0230,2024-02-11 10:58:33,North America,35-44,Female,Data Analyst,Python,On-Site,5,Highly efficient tool,2024-02-11,21
R0231,2024-02-21 21:55:52,Asia-Pacific,45+,Male,Manager,Java,On-Site,2,It's okay,2024-02-21,9
R0232,2024-04-19 03:50:00,North America,18-24,Male,Researcher,Javascript,Remote,3,Very useful and easy to use,2024-04-19,27
R0233,2024-03-21 22:27:23,Middle East,25-34,Male,Researcher,C++,Hybrid,3,Needs improvement,2024-03-21,17
R0234,2024-01-03 15:40:04,Europe,18-24,Female,Software Engineer,Javascript,Remote,3,It's okay,2024-01-03,9
R0235,2024-04-13 07:22:00,Middle East,25-34,Male,Student,Java,Remote,3,Average experience,2024-04-13,18
R0236,2024-04-09 05:03:20,Europe,18-24,Male,Manager,Java,Remote,3,It's okay,2024-04-09,9
R0237,2024-04-07 13:55:58,Middle East,45+,Female,Data Analyst,Python,Remote,4,Great experience,2024-04-07,16
R0238,2024-04-25 04:29:22,Middle East,25-34,Male,Software Engineer,Python,Remote,4,Loved the flexibility,2024-04-25,21
R0239,2024-01-05 16:00:12,North America,18-24,Male,Student,R,Hybrid,1,It's okay,2024-01-05,9
R0240,2024-03-03 12:52:18,Asia-Pacific,18-24,Female,Data Analyst,Javascript,On-Site,4,Highly efficient tool,2024-03-03,21
R0241,2024-02-15 19:48:37,North America,25-34,Male,Student,Javascript,Hybrid,4,Works fine,2024-02-15,10
R0242,2024-02-24 12:16:44,Africa,45+,Male,Manager,Java,Remote,2,It's okay,2024-02-24,9
R0243,2024-01-22 19:49:14,Asia-Pacific,35-44,Female,Researcher,Python,Remote,4,Highly efficient tool,2024-01-22,21
R0244,2024-04-17 16:44:02,Asia-Pacific,18-24,Female,Manager,C++,Remote,3,Can be improved,2024-04-17,15
R0245,2024-01-10 05:55:19,Middle East,35-44,Female,Software Engineer,Python,Remote,4,Great experience,2024-01-10,16
R0246,2024-03-26 20:59:28,Europe,35-44,Male,Student,Python,Hybrid,5,Very satisfied with the results,2024-03-26,31
R0247,2024-02-25 07:05:09,North America,18-24,Female,Researcher,Python,Hybrid,4,Very satisfied with the results,2024-02-25,31
R0248,2024-02-22 00:36:39,Asia-Pacific,18-24,Female,Researcher,Javascript,Remote,5,It's okay,2024-02-22,9
R0249,2024-04-17 11:36:50,Europe,25-34,Male,Student,Python,Remote,5,Loved the flexibility,2024-04-17,21
R0250,2024-04-12 23:34:30,Middle East,35-44,Female,Manager,R,Remote,3,It's okay,2024-04-12,9
R0251,2024-03-24 20:43:11,Middle East,45+,Male,Manager,Javascript,Hybrid,3,Can be improved,2024-03-24,15
R0252,2024-02-20 02:37:37,Asia-Pacific,35-44,Female,Student,Python,Remote,4,Loved the flexibility,2024-02-20,21
R0253,2024-04-24 04:38:24,Africa,35-44,Male,Manager,Javascript,Remote,5,Average experience,2024-04-24,18
R0254,2024-02-26 23:14:59,Middle East,45+,Male,Researcher,C++,On-Site,2,Average experience,2024-02-26,18
R0255,2024-04-17 04:56:59,Asia-Pacific,18-24,Female,Student,Python,Remote,5,Very satisfied with the results,2024-04-17,31
R0256,2024-04-22 05:37:39,North America,25-34,Female,Researcher,Python,Remote,5,Highly efficient tool,2024-04-22,21
R0257,2024-03-05 23:24:07,Africa,25-34,Male,Software Engineer,R,Hybrid,3,Poor experience,2024-03-05,15
R0258,2024-04-14 17:56:22,Middle East,18-24,Female,Manager,Python,Hybrid,5,Very useful and easy to use,2024-04-14,27
R0259,2024-04-21 22:53:54,Africa,35-44,Female,Manager,Python,Hybrid,4,Highly efficient tool,2024-04-21,21
R0260,2024-04-01 11:28:29,Africa,18-24,Female,Student,Javascript,Remote,3,Can be improved,2024-04-01,15
R0261,2024-03-16 11:16:03,Asia-Pacific,35-44,Male,Student,Python,On-Site,4,Great experience,2024-03-16,16
R0262,2024-03-31 10:31:12,Asia-Pacific,35-44,Male,Researcher,C++,On-Site,1,Works fine,2024-03-31,10
R0263,2024-01-24 20:54:15,Europe,45+,Female,Student,Javascript,Hybrid,3,Nothing special,2024-01-24,15
R0264,2024-01-08 15:58:56,Asia-Pacific,25-34,Female,Software Engineer,Python,Remote,4,Very satisfied with the results,2024-01-08,31
R0265,2024-03-15 20:11:20,Europe,18-24,Male,Student,Python,Hybrid,5,Very useful and easy to use,2024-03-15,27
R0266,2024-01-21 08:05:31,North America,25-34,Female,Researcher,Java,Hybrid,4,It's okay,2024-01-21,9
R0267,2024-03-06 19:30:06,Middle East,25-34,Male,Software Engineer,Javascript,Hybrid,3,Average experience,2024-03-06,18
R0268,2024-03-22 06:29:11,Middle East,18-24,Male,Manager,Java,Remote,2,Works fine,2024-03-22,10
R0269,2024-03-28 21:04:40,Europe,35-44,Male,Manager,R,On-Site,1,Average experience,2024-03-28,18
R0270,2024-02-16 14:33:57,Africa,18-24,Female,Researcher,Python,Remote,5,Great experience,2024-02-16,16
R0271,2024-03-31 20:00:05,Africa,25-34,Female,Data Analyst,Java,Hybrid,4,Nothing special,2024-03-31,15
R0272,2024-01-26 08:58:51,Europe,25-34,Male,Software Engineer,Java,Remote,3,Nothing special,2024-01-26,15
R0273,2024-04-07 18:52:47,Middle East,45+,Female,Manager,R,Hybrid,2,Not very user friendly,2024-04-07,22
R0274,2024-01-01 03:22:12,North America,35-44,Female,Manager,R,Remote,1,Not satisfied,2024-01-01,13
R0275,2024-02-02 11:44:52,Africa,45+,Male,Student,Python,Remote,4,Very useful and easy to use,2024-02-02,27
R0276,2024-03-29 05:24:36,Asia-Pacific,25-34,Female,Manager,C++,On-Site,3,Average experience,2024-03-29,18
R0277,2024-02-24 09:01:56,Europe,25-34,Female,Manager,Java,On-Site,4,Can be improved,2024-02-24,15
R0278,2024-02-09 19:33:35,Africa,35-44,Male,Student,Python,Hybrid,5,Highly efficient tool,2024-02-09,21
R0279,2024-02-29 04:52:57,Africa,25-34,Female,Data Analyst,Java,Remote,2,Can be improved,2024-02-29,15
R0280,2024-03-12 10:56:59,Asia-Pacific,18-24,Female,Software Engineer,Java,On-Site,4,Nothing special,2024-03-12,15
R0281,2024-04-01 20:31:31,Europe,25-34,Female,Student,Python,On-Site,4,Highly efficient tool,2024-04-01,21
R0282,2024-01-27 15:05:47,Africa,18-24,Male,Student,Python,Remote,4,Highly efficient tool,2024-01-27,21
R0283,2024-02-06 14:40:23,Europe,25-34,Female,Software Engineer,R,Remote,1,Average experience,2024-02-06,18
R0284,2024-01-04 05:50:02,Middle East,18-24,Male,Student,Python,Hybrid,4,Loved the flexibility,2024-01-04,21
R0285,2024-03-31 03:12:08,Africa,18-24,Female,Data Analyst,Java,Hybrid,4,Nothing special,2024-03-31,15
R0286,2024-03-10 08:02:47,Africa,18-24,Female,Software Engineer,Python,Remote,5,Great experience,2024-03-10,16
R0287,2024-02-24 04:08:15,North America,35-44,Female,Manager,Python,Hybrid,5,Very satisfied with the results,2024-02-24,31
R0288,2024-01-30 12:47:51,Asia-Pacific,25-34,Male,Manager,Javascript,Hybrid,5,Very satisfied with the results,2024-01-30,31
R0289,2024-01-06 07:59:10,Europe,18-24,Female,Data Analyst,Javascript,Hybrid,5,Loved the flexibility,2024-01-06,21
R0290,2024-01-16 11:24:30,Asia-Pacific,25-34,Female,Researcher,Python,Hybrid,5,Very useful and easy to use,2024-01-16,27
R0291,2024-01-21 00:06:42,Asia-Pacific,18-24,Female,Student,Java,Remote,4,Average experience,2024-01-21,18
R0292,2024-02-11 09:42:36,Europe,35-44,Male,Manager,Javascript,Remote,5,Average experience,2024-02-11,18
R0293,2024-03-25 19:24:55,Asia-Pacific,18-24,Female,Manager,R,On-Site,2,Can be improved,2024-03-25,15
R0294,2024-03-22 00:57:46,Asia-Pacific,25-34,Female,Data Analyst,C++,Remote,3,Works fine,2024-03-22,10
R0295,2024-04-22 21:53:22,Europe,35-44,Female,Manager,Javascript,Hybrid,4,Very satisfied with the results,2024-04-22,31
R0296,2024-03-14 15:55:37,Europe,45+,Female,Student,R,Hybrid,3,Works fine,2024-03-14,10
R0297,2024-01-22 22:45:28,Asia-Pacific,25-34,Female,Student,Python,Hybrid,4,Very satisfied with the results,2024-01-22,31
R0298,2024-01-29 02:04:04,Middle East,25-34,Female,Manager,Javascript,On-Site,3,It's okay,2024-01-29,9
R0299,2024-01-23 20:53:43,North America,25-34,Female,Software Engineer,Python,Remote,4,Great experience,2024-01-23,16
R0300,2024-01-29 03:34:36,Africa,18-24,Female,Manager,Javascript,Remote,5,Works fine,2024-01-29,10
R0301,2024-04-03 20:27:21,Europe,45+,Female,Data Analyst,C++,Hybrid,3,Poor experience,2024-04-03,15
R0302,2024-04-10 15:51:55,Africa,18-24,Male,Student,Javascript,On-Site,4,Very satisfied with the results,2024-04-10,31
R0303,2024-01-06 19:24:46,Asia-Pacific,18-24,Female,Student,Javascript,Remote,4,Great experience,2024-01-06,16
R0304,2024-02-22 16:33:43,Africa,18-24,Female,Data Analyst,Java,Hybrid,4,Can be improved,2024-02-22,15
R0305,2024-04-22 20:48:04,Middle East,35-44,Female,Software Engineer,C++,Hybrid,3,Not satisfied,2024-04-22,13
R0306,2024-03-31 03:50:33,Middle East,45+,Male,Software Engineer,Python,Remote,4,Great experience,2024-03-31,16
R0307,2024-02-23 15:09:45,North America,18-24,Male,Data Analyst,Java,Hybrid,4,Nothing special,2024-02-23,15
R0308,2024-03-04 20:00:21,North America,35-44,Male,Student,Python,On-Site,4,Loved the flexibility,2024-03-04,21
R0309,2024-03-09 12:21:23,Asia-Pacific,18-24,Male,Manager,Python,Hybrid,5,Great experience,2024-03-09,16
R0310,2024-04-15 13:37:18,Africa,18-24,Male,Researcher,Python,On-Site,4,Highly efficient tool,2024-04-15,21
R0311,2024-01-10 17:04:54,North America,18-24,Male,Student,Javascript,Remote,3,Very satisfied with the results,2024-01-10,31
R0312,2024-04-19 14:29:20,Asia-Pacific,25-34,Male,Student,Javascript,Remote,5,Very satisfied with the results,2024-04-19,31
R0313,2024-02-04 06:35:04,Asia-Pacific,35-44,Male,Student,Python,Remote,5,Loved the flexibility,2024-02-04,21
R0314,2024-03-16 03:49:28,Africa,25-34,Female,Data Analyst,R,On-Site,2,Not very user friendly,2024-03-16,22
R0315,2024-01-31 03:35:31,Africa,18-24,Male,Researcher,C++,Remote,2,Can be improved,2024-01-31,15
R0316,2024-04-22 08:51:52,Africa,18-24,Female,Data Analyst,Python,Remote,5,Loved the flexibility,2024-04-22,21
R0317,2024-01-31 00:36:35,North America,18-24,Female,Software Engineer,Python,Hybrid,4,Very satisfied with the results,2024-01-31,31
R0318,2024-01-03 12:34:51,Europe,18-24,Female,Student,Python,Remote,4,Very satisfied with the results,2024-01-03,31
R0319,2024-04-24 13:07:00,Middle East,45+,Female,Data Analyst,Java,On-Site,4,It's okay,2024-04-24,9
R0320,2024-02-23 06:10:40,Asia-Pacific,25-34,Male,Manager,Python,Remote,5,Very satisfied with the results,2024-02-23,31
R0321,2024-04-03 11:33:40,North America,18-24,Female,Researcher,Javascript,On-Site,4,Average experience,2024-04-03,18
R0322,2024-03-28 20:44:40,Europe,18-24,Male,Data Analyst,Java,On-Site,3,It's okay,2024-03-28,9
R0323,2024-03-06 02:24:09,Europe,25-34,Female,Student,Python,On-Site,5,Loved the flexibility,2024-03-06,21
R0324,2024-02-21 21:07:11,Asia-Pacific,35-44,Female,Software Engineer,Javascript,Remote,5,Very satisfied with the results,2024-02-21,31
R0325,2024-04-12 17:19:37,Europe,25-34,Female,Software Engineer,Java,Hybrid,4,Nothing special,2024-04-12,15
R0326,2024-03-03 01:39:53,Africa,25-34,Female,Software Engineer,Java,Hybrid,3,It's okay,2024-03-03,9
R0327,2024-04-02 06:23:41,North America,18-24,Male,Data Analyst,Python,Remote,4,Loved the flexibility,2024-04-02,21
R0328,2024-01-23 09:09:07,North America,18-24,Female,Student,Javascript,Hybrid,3,Very useful and easy to use,2024-01-23,27
R0329,2024-03-23 17:15:12,North America,35-44,Female,Data Analyst,C++,Remote,1,Needs improvement,2024-03-23,17
R0330,2024-01-21 21:35:21,Africa,25-34,Male,Data Analyst,Javascript,Remote,5,Highly efficient tool,2024-01-21,21
R0331,2024-04-08 04:17:43,Europe,25-34,Female,Researcher,C++,Remote,3,Not very user friendly,2024-04-08,22
R0332,2024-03-06 08:34:55,Asia-Pacific,25-34,Female,Manager,Python,Remote,5,Very useful and easy to use,2024-03-06,27
R0333,2024-03-31 13:51:30,Middle East,45+,Male,Manager,Java,Remote,3,Works fine,2024-03-31,10
R0334,2024-01-29 14:56:45,North America,35-44,Female,Software Engineer,R,On-Site,2,Needs improvement,2024-01-29,17
R0335,2024-04-28 06:10:53,North America,25-34,Female,Software Engineer,Javascript,Remote,3,Can be improved,2024-04-28,15
R0336,2024-04-01 16:05:19,Middle East,18-24,Female,Manager,Python,Hybrid,4,Very useful and easy to use,2024-04-01,27
R0337,2024-02-01 12:30:38,Europe,25-34,Female,Researcher,Javascript,Remote,3,Average experience,2024-02-01,18
R0338,2024-03-15 05:34:24,Europe,25-34,Male,Manager,R,On-Site,1,Can be improved,2024-03-15,15
R0339,2024-01-31 00:06:15,Asia-Pacific,45+,Male,Manager,Javascript,Remote,3,Great experience,2024-01-31,16
R0340,2024-04-08 00:22:28,Middle East,35-44,Male,Data Analyst,Javascript,On-Site,4,Nothing special,2024-04-08,15
R0341,2024-04-18 22:08:14,Asia-Pacific,18-24,Male,Researcher,Javascript,Remote,4,Average experience,2024-04-18,18
R0342,2024-04-04 08:11:07,North America,18-24,Male,Researcher,Python,Hybrid,4,Loved the flexibility,2024-04-04,21
R0343,2024-04-28 10:33:28,Asia-Pacific,35-44,Male,Researcher,Javascript,Hybrid,5,Loved the flexibility,2024-04-28,21
R0344,2024-03-02 04:30:54,Europe,18-24,Male,Data Analyst,Python,On-Site,5,Very useful and easy to use,2024-03-02,27
R0345,2024-04-12 19:54:49,Middle East,18-24,Male,Software Engineer,Python,On-Site,5,Very satisfied with the results,2024-04-12,31
R0346,2024-01-23 03:43:09,Africa,35-44,Female,Researcher,Java,Hybrid,2,Average experience,2024-01-23,18
R0347,2024-03-19 12:13:44,Europe,18-24,Female,Researcher,Python,On-Site,5,Loved the flexibility,2024-03-19,21
R0348,2024-02-24 05:21:50,Asia-Pacific,35-44,Female,Manager,Java,Remote,4,Average experience,2024-02-24,18
R0349,2024-03-25 06:43:03,Europe,18-24,Female,Software Engineer,Python,Remote,4,Loved the flexibility,2024-03-25,21
R0350,2024-04-13 23:22:31,Africa,18-24,Male,Software Engineer,Python,Hybrid,5,Loved the flexibility,2024-04-13,21
R0351,2024-03-31 12:59:34,Asia-Pacific,45+,Female,Software Engineer,Python,Remote,5,Very useful and easy to use,2024-03-31,27
R0352,2024-04-17 02:00:37,Africa,45+,Female,Student,Javascript,Remote,5,Average experience,2024-04-17,18
R0353,2024-04-04 00:19:00,Europe,35-44,Female,Student,Javascript,Hybrid,4,Very useful and easy to use,2024-04-04,27
R0354,2024-04-12 19:48:34,Africa,25-34,Male,Data Analyst,Python,Hybrid,4,Very satisfied with the results,2024-04-12,31
R0355,2024-04-07 09:36:55,Europe,25-34,Female,Researcher,Python,Hybrid,4,Loved the flexibility,2024-04-07,21
R0356,2024-01-28 09:16:47,Middle East,45+,Male,Data Analyst,Python,Hybrid,4,Loved the flexibility,2024-01-28,21
R0357,2024-01-15 14:05:04,Asia-Pacific,18-24,Male,Software Engineer,Python,Remote,5,Great experience,2024-01-15,16
R0358,2024-03-13 07:42:30,Europe,18-24,Male,Software Engineer,C++,Hybrid,1,Nothing special,2024-03-13,15
R0359,2024-01-18 23:42:44,Africa,18-24,Male,Software Engineer,Python,Remote,5,Loved the flexibility,2024-01-18,21
R0360,2024-01-18 06:59:56,Asia-Pacific,18-24,Male,Data Analyst,Javascript,Hybrid,5,Loved the flexibility,2024-01-18,21
R0361,2024-02-19 04:08:31,Asia-Pacific,18-24,Male,Researcher,C++,On-Site,2,Can be improved,2024-02-19,15
R0362,2024-02-10 00:14:59,North America,18-24,Female,Researcher,R,Remote,3,Can be improved,2024-02-10,15
R0363,2024-04-06 05:25:33,Europe,18-24,Female,Researcher,Java,Hybrid,3,Average experience,2024-04-06,18
R0364,2024-01-06 00:01:40,Europe,35-44,Male,Manager,Java,Remote,2,Works fine,2024-01-06,10
R0365,2024-03-16 18:46:07,Middle East,25-34,Male,Software Engineer,Java,Hybrid,3,Can be improved,2024-03-16,15
R0366,2024-02-16 23:04:18,Asia-Pacific,18-24,Male,Data Analyst,Python,Remote,5,Loved the flexibility,2024-02-16,21
R0367,2024-03-01 20:26:26,Africa,25-34,Male,Researcher,Javascript,On-Site,4,Highly efficient tool,2024-03-01,21
R0368,2024-02-18 15:30:28,Asia-Pacific,35-44,Female,Data Analyst,C++,Remote,2,It's okay,2024-02-18,9
R0369,2024-02-02 13:53:51,Europe,25-34,Male,Researcher,Python,Hybrid,5,Great experience,2024-02-02,16
R0370,2024-03-26 09:12:50,Middle East,35-44,Male,Student,Javascript,Hybrid,5,Nothing special,2024-03-26,15
R0371,2024-04-09 02:31:33,North America,18-24,Male,Student,R,Remote,2,Poor experience,2024-04-09,15
R0372,2024-03-12 09:01:42,North America,35-44,Male,Data Analyst,Java,Hybrid,4,Average experience,2024-03-12,18
R0373,2024-03-31 04:33:56,Africa,25-34,Male,Data Analyst,Javascript,On-Site,4,It's okay,2024-03-31,9
R0374,2024-04-19 01:30:53,Africa,25-34,Female,Software Engineer,Python,Remote,5,Loved the flexibility,2024-04-19,21
R0375,2024-01-28 16:32:40,Africa,18-24,Male,Researcher,Javascript,On-Site,5,Works fine,2024-01-28,10
R0376,2024-03-28 06:38:14,Asia-Pacific,45+,Male,Software Engineer,Java,Remote,4,Can be improved,2024-03-28,15
R0377,2024-02-17 12:52:28,Africa,18-24,Female,Software Engineer,C++,Remote,3,Not very user friendly,2024-02-17,22
R0378,2024-03-06 17:51:05,North America,18-24,Female,Data Analyst,Javascript,Remote,4,Nothing special,2024-03-06,15
R0379,2024-02-02 19:30:45,Middle East,18-24,Female,Student,C++,On-Site,3,Poor experience,2024-02-02,15
R0380,2024-01-17 04:12:43,Asia-Pacific,18-24,Female,Manager,Python,On-Site,5,Loved the flexibility,2024-01-17,21
R0381,2024-04-16 06:11:30,Asia-Pacific,25-34,Male,Manager,Python,Remote,5,Highly efficient tool,2024-04-16,21
R0382,2024-03-22 06:10:16,Middle East,18-24,Female,Manager,Java,Remote,2,It's okay,2024-03-22,9
R0383,2024-03-14 22:06:00,Middle East,25-34,Male,Student,Python,Remote,5,Highly efficient tool,2024-03-14,21
R0384,2024-04-02 17:01:40,Asia-Pacific,35-44,Male,Student,Python,Remote,5,Very satisfied with the results,2024-04-02,31
R0385,2024-04-21 05:16:39,Europe,18-24,Female,Manager,Python,Remote,5,Highly efficient tool,2024-04-21,21
R0386,2024-04-05 16:36:25,Middle East,18-24,Male,Software Engineer,Java,On-Site,3,Nothing special,2024-04-05,15
R0387,2024-01-11 07:01:58,Middle East,25-34,Male,Researcher,Python,On-Site,5,Great experience,2024-01-11,16
R0388,2024-01-23 00:12:32,Asia-Pacific,45+,Male,Software Engineer,Java,Remote,3,Works fine,2024-01-23,10
R0389,2024-02-08 16:51:48,Asia-Pacific,25-34,Male,Researcher,R,Hybrid,1,Works fine,2024-02-08,10
R0390,2024-04-01 04:36:44,Asia-Pacific,25-34,Male,Data Analyst,Javascript,Remote,4,Nothing special,2024-04-01,15
R0391,2024-03-12 04:05:03,North America,18-24,Male,Software Engineer,Java,Remote,3,Nothing special,2024-03-12,15
R0392,2024-03-14 09:22:41,Asia-Pacific,25-34,Male,Student,Javascript,Hybrid,4,Works fine,2024-03-14,10
R0393,2024-04-17 08:22:11,Europe,25-34,Female,Manager,Python,Hybrid,4,Loved the flexibility,2024-04-17,21
R0394,2024-02-28 06:38:59,Europe,18-24,Female,Data Analyst,Javascript,Remote,4,Very satisfied with the results,2024-02-28,31
R0395,2024-02-02 10:11:34,Asia-Pacific,18-24,Male,Software Engineer,C++,Hybrid,1,Nothing special,2024-02-02,15
R0396,2024-02-03 20:54:44,Middle East,25-34,Female,Manager,Python,Remote,4,Very satisfied with the results,2024-02-03,31
R0397,2024-03-21 19:39:40,Middle East,18-24,Male,Student,Python,Hybrid,4,Very satisfied with the results,2024-03-21,31
R0398,2024-03-01 22:48:54,Asia-Pacific,18-24,Female,Manager,Javascript,On-Site,4,Loved the flexibility,2024-03-01,21
R0399,2024-03-09 20:36:01,Africa,35-44,Male,Student,Javascript,On-Site,4,Great experience,2024-03-09,16
R0400,2024-04-22 00:11:12,North America,18-24,Female,Student,Java,Hybrid,2,Can be improved,2024-04-22,15
R0401,2024-04-18 21:11:00,North America,45+,Male,Manager,Javascript,Remote,4,Loved the flexibility,2024-04-18,21
R0402,2024-01-20 07:20:47,Europe,25-34,Male,Student,Javascript,Remote,3,Very useful and easy to use,2024-01-20,27
R0403,2024-01-25 22:22:51,Europe,25-34,Female,Researcher,C++,Remote,3,Needs improvement,2024-01-25,17
R0404,2024-04-12 19:41:24,Europe,45+,Male,Data Analyst,Java,Hybrid,2,Nothing special,2024-04-12,15
R0405,2024-02-04 17:32:33,North America,45+,Male,Data Analyst,C++,Remote,2,Needs improvement,2024-02-04,17
R0406,2024-01-03 23:55:42,Europe,45+,Female,Student,R,Remote,3,Not satisfied,2024-01-03,13
R0407,2024-04-28 15:21:53,Asia-Pacific,18-24,Male,Software Engineer,Javascript,Hybrid,3,Very satisfied with the results,2024-04-28,31
R0408,2024-03-20 15:26:39,Africa,18-24,Male,Software Engineer,Java,Remote,2,It's okay,2024-03-20,9
R0409,2024-02-25 00:24:29,Middle East,25-34,Female,Software Engineer,Python,Hybrid,5,Loved the flexibility,2024-02-25,21
R0410,2024-02-12 21:45:13,Africa,25-34,Male,Manager,Javascript,Hybrid,5,Nothing special,2024-02-12,15
R0411,2024-01-25 00:19:41,Africa,18-24,Female,Manager,Java,On-Site,2,Works fine,2024-01-25,10
R0412,2024-04-09 17:24:32,Europe,45+,Female,Software Engineer,Python,Remote,4,Loved the flexibility,2024-04-09,21
R0413,2024-02-23 02:03:06,Asia-Pacific,25-34,Female,Software Engineer,Python,On-Site,5,Very useful and easy to use,2024-02-23,27
R0414,2024-02-13 16:37:25,Middle East,25-34,Female,Data Analyst,R,On-Site,3,Nothing special,2024-02-13,15
R0415,2024-01-29 12:24:26,Asia-Pacific,25-34,Female,Manager,Javascript,Remote,4,Nothing special,2024-01-29,15
R0416,2024-03-09 06:45:15,Africa,25-34,Female,Software Engineer,Python,Remote,5,Highly efficient tool,2024-03-09,21
R0417,2024-02-13 02:23:07,North America,25-34,Male,Student,R,On-Site,2,Nothing special,2024-02-13,15
R0418,2024-03-16 06:54:19,Asia-Pacific,18-24,Female,Manager,R,Remote,2,Poor experience,2024-03-16,15
R0419,2024-01-09 09:57:17,Middle East,25-34,Female,Researcher,Python,Hybrid,5,Great experience,2024-01-09,16
R0420,2024-02-13 14:36:24,Asia-Pacific,18-24,Male,Researcher,Javascript,Remote,3,Highly efficient tool,2024-02-13,21
R0421,2024-04-17 03:40:19,Europe,25-34,Male,Manager,Python,On-Site,5,Great experience,2024-04-17,16
R0422,2024-02-09 12:10:38,Africa,25-34,Female,Manager,Javascript,Remote,3,Very useful and easy to use,2024-02-09,27
R0423,2024-03-22 06:52:51,Africa,18-24,Male,Manager,R,On-Site,2,Had some issues,2024-03-22,15
R0424,2024-04-08 00:22:48,Africa,25-34,Female,Software Engineer,Javascript,Remote,3,Works fine,2024-04-08,10
R0425,2024-03-05 02:13:46,North America,18-24,Female,Software Engineer,Python,Remote,4,Very useful and easy to use,2024-03-05,27
R0426,2024-04-01 15:53:37,Asia-Pacific,18-24,Male,Manager,Javascript,Remote,5,Nothing special,2024-04-01,15
R0427,2024-02-17 14:55:19,Africa,35-44,Male,Data Analyst,Javascript,Remote,5,Loved the flexibility,2024-02-17,21
R0428,2024-01-04 07:40:02,Asia-Pacific,35-44,Male,Student,Python,Hybrid,5,Loved the flexibility,2024-01-04,21
R0429,2024-03-10 23:11:09,North America,35-44,Female,Data Analyst,C++,Hybrid,1,Nothing special,2024-03-10,15
R0430,2024-04-22 14:40:58,Middle East,25-34,Male,Data Analyst,Javascript,Remote,4,Works fine,2024-04-22,10
R0431,2024-02-03 13:55:12,Africa,35-44,Female,Manager,Javascript,Hybrid,3,Can be improved,2024-02-03,15
R0432,2024-04-09 10:42:24,Europe,18-24,Male,Manager,Python,On-Site,4,Highly efficient tool,2024-04-09,21
R0433,2024-03-02 16:34:12,Europe,18-24,Male,Researcher,Java,Hybrid,2,Can be improved,2024-03-02,15
R0434,2024-04-02 22:36:48,Africa,18-24,Male,Data Analyst,Python,Remote,4,Loved the flexibility,2024-04-02,21
R0435,2024-02-05 19:09:01,Europe,18-24,Male,Researcher,Javascript,Hybrid,4,Average experience,2024-02-05,18
R0436,2024-04-03 00:07:30,Asia-Pacific,25-34,Male,Researcher,Python,Hybrid,4,Very useful and easy to use,2024-04-03,27
R0437,2024-04-25 03:10:32,North America,45+,Female,Data Analyst,Javascript,On-Site,4,Very satisfied with the results,2024-04-25,31
R0438,2024-02-27 17:03:25,Asia-Pacific,25-34,Female,Software Engineer,C++,Remote,3,Works fine,2024-02-27,10
R0439,2024-03-23 06:58:09,Africa,18-24,Male,Software Engineer,Python,Remote,5,Very satisfied with the results,2024-03-23,31
R0440,2024-01-16 02:15:36,Middle East,25-34,Male,Manager,Javascript,Remote,5,Very satisfied with the results,2024-01-16,31
R0441,2024-02-15 07:17:24,Africa,35-44,Female,Data Analyst,Javascript,Hybrid,4,Very satisfied with the results,2024-02-15,31
R0442,2024-02-20 18:35:22,Asia-Pacific,18-24,Male,Student,Java,On-Site,4,It's okay,2024-02-20,9
R0443,2024-03-09 05:02:47,Asia-Pacific,25-34,Male,Researcher,Python,On-Site,4,Loved the flexibility,2024-03-09,21
R0444,2024-03-13 16:44:22,Africa,18-24,Female,Researcher,Javascript,Hybrid,5,Can be improved,2024-03-13,15
R0445,2024-02-26 04:47:44,Middle East,25-34,Female,Student,Python,On-Site,5,Highly efficient tool,2024-02-26,21
R0446,2024-01-31 07:23:47,North America,25-34,Female,Software Engineer,Python,Remote,4,Loved the flexibility,2024-01-31,21
R0447,2024-04-15 18:53:42,Africa,35-44,Female,Student,Javascript,Hybrid,4,Loved the flexibility,2024-04-15,21
R0448,2024-04-05 06:04:04,Africa,35-44,Female,Researcher,C++,Remote,2,Needs improvement,2024-04-05,17
R0449,2024-04-22 23:37:09,Middle East,18-24,Male,Manager,Python,Remote,5,Great experience,2024-04-22,16
R0450,2024-03-30 21:43:35,Africa,25-34,Female,Researcher,C++,Hybrid,2,Average experience,2024-03-30,18
R0451,2024-03-07 04:46:38,North America,45+,Female,Software Engineer,Python,Hybrid,5,Loved the flexibility,2024-03-07,21
R0452,2024-04-03 10:13:49,Asia-Pacific,35-44,Female,Software Engineer,R,Hybrid,2,Poor experience,2024-04-03,15
R0453,2024-04-05 21:36:01,Africa,45+,Female,Software Engineer,Java,Remote,3,Nothing special,2024-04-05,15
R0454,2024-03-07 10:39:20,Africa,18-24,Female,Student,Python,Remote,5,Very satisfied with the results,2024-03-07,31
R0455,2024-01-28 06:45:30,Africa,18-24,Female,Researcher,Python,Hybrid,4,Very useful and easy to use,2024-01-28,27
R0456,2024-02-22 06:41:50,Middle East,35-44,Male,Student,Javascript,On-Site,3,Nothing special,2024-02-22,15
R0457,2024-03-22 13:00:37,Africa,35-44,Male,Software Engineer,Python,Remote,4,Very useful and easy to use,2024-03-22,27
R0458,2024-03-18 05:31:29,Africa,25-34,Male,Researcher,Python,Hybrid,4,Loved the flexibility,2024-03-18,21
R0459,2024-01-13 08:08:14,Africa,18-24,Male,Data Analyst,R,Hybrid,2,Can be improved,2024-01-13,15
R0460,2024-01-16 16:13:23,North America,18-24,Male,Student,Javascript,Remote,5,Loved the flexibility,2024-01-16,21
R0461,2024-02-12 10:21:58,Africa,18-24,Female,Student,R,Remote,2,Can be improved,2024-02-12,15
R0462,2024-04-27 13:00:08,Middle East,25-34,Male,Manager,Javascript,Remote,3,Works fine,2024-04-27,10
R0463,2024-03-24 07:06:50,Asia-Pacific,35-44,Female,Manager,Javascript,Hybrid,5,Can be improved,2024-03-24,15
R0464,2024-03-26 05:22:17,Middle East,25-34,Male,Data Analyst,Javascript,Hybrid,3,Average experience,2024-03-26,18
R0465,2024-03-12 08:40:48,Africa,35-44,Male,Student,Python,Remote,4,Loved the flexibility,2024-03-12,21
R0466,2024-02-28 03:49:54,Africa,25-34,Male,Manager,Javascript,Remote,4,Average experience,2024-02-28,18
R0467,2024-03-11 02:38:02,North America,25-34,Male,Software Engineer,Python,On-Site,4,Very useful and easy to use,2024-03-11,27
R0468,2024-02-21 22:52:07,Middle East,18-24,Male,Data Analyst,Java,On-Site,2,Nothing special,2024-02-21,15
R0469,2024-03-04 20:30:19,Middle East,18-24,Female,Data Analyst,C++,Hybrid,2,Poor experience,2024-03-04,15
R0470,2024-02-16 10:28:21,Africa,18-24,Male,Manager,Java,Remote,2,It's okay,2024-02-16,9
R0471,2024-03-24 06:15:17,Europe,18-24,Male,Software Engineer,C++,Remote,2,Can be improved,2024-03-24,15
R0472,2024-03-24 22:49:42,North America,25-34,Female,Manager,R,Hybrid,1,Had some issues,2024-03-24,15
R0473,2024-04-25 05:01:59,Middle East,25-34,Female,Researcher,Python,Hybrid,5,Great experience,2024-04-25,16
R0474,2024-03-13 06:15:40,North America,18-24,Female,Manager,Java,On-Site,3,It's okay,2024-03-13,9
R0475,2024-03-29 23:11:58,Asia-Pacific,45+,Female,Student,Javascript,Remote,3,Very useful and easy to use,2024-03-29,27
R0476,2024-03-31 04:01:53,Africa,18-24,Male,Student,Python,Hybrid,4,Highly efficient tool,2024-03-31,21
R0477,2024-04-19 07:44:16,Middle East,35-44,Male,Data Analyst,Java,On-Site,4,Average experience,2024-04-19,18
R0478,2024-02-16 09:29:04,Asia-Pacific,25-34,Male,Manager,Python,Remote,4,Very useful and easy to use,2024-02-16,27
R0479,2024-01-10 18:37:41,Middle East,45+,Female,Manager,Python,Remote,4,Loved the flexibility,2024-01-10,21
R0480,2024-02-20 07:07:22,Africa,18-24,Female,Student,C++,Remote,2,Works fine,2024-02-20,10
R0481,2024-02-24 15:56:42,Middle East,25-34,Female,Data Analyst,Python,Hybrid,5,Highly efficient tool,2024-02-24,21
R0482,2024-02-28 19:20:10,Africa,25-34,Male,Software Engineer,R,Remote,2,Works fine,2024-02-28,10
R0483,2024-04-23 13:25:23,Middle East,18-24,Male,Software Engineer,Javascript,Remote,4,Average experience,2024-04-23,18
R0484,2024-01-14 19:19:03,Europe,25-34,Male,Student,Javascript,Hybrid,5,Nothing special,2024-01-14,15
R0485,2024-01-27 00:25:32,Africa,18-24,Male,Student,Python,On-Site,4,Very useful and easy to use,2024-01-27,27
R0486,2024-04-06 16:01:35,Middle East,18-24,Male,Data Analyst,R,Hybrid,1,Not satisfied,2024-04-06,13
R0487,2024-01-18 11:31:46,North America,25-34,Female,Manager,Java,Hybrid,2,It's okay,2024-01-18,9
R0488,2024-04-28 07:58:37,Europe,25-34,Male,Researcher,Python,Hybrid,4,Loved the flexibility,2024-04-28,21
R0489,2024-02-12 04:55:58,Europe,25-34,Male,Manager,Javascript,Hybrid,5,Highly efficient tool,2024-02-12,21
R0490,2024-02-02 06:55:10,Middle East,18-24,Male,Manager,Java,Hybrid,2,Nothing special,2024-02-02,15
R0491,2024-02-17 18:04:10,Africa,25-34,Male,Student,Javascript,Hybrid,3,Average experience,2024-02-17,18
R0492,2024-03-15 17:43:01,Asia-Pacific,45+,Male,Manager,Python,Remote,4,Very useful and easy to use,2024-03-15,27
R0493,2024-01-28 02:53:22,North America,25-34,Male,Software Engineer,Python,Remote,4,Great experience,2024-01-28,16
R0494,2024-03-09 18:00:24,Europe,45+,Male,Manager,C++,Remote,2,Poor experience,2024-03-09,15
R0495,2024-02-03 14:05:34,Europe,25-34,Male,Data Analyst,Python,Hybrid,5,Very useful and easy to use,2024-02-03,27
R0496,2024-02-19 19:23:23,Europe,25-34,Male,Student,Python,Hybrid,5,Very useful and easy to use,2024-02-19,27
R0497,2024-04-27 00:16:57,Europe,35-44,Male,Researcher,Python,Hybrid,5,Very satisfied with the results,2024-04-27,31
R0498,2024-02-19 04:47:53,Middle East,25-34,Female,Software Engineer,R,On-Site,2,Works fine,2024-02-19,10
R0499,2024-04-22 11:24:21,Europe,35-44,Female,Data Analyst,Python,Hybrid,5,Great experience,2024-04-22,16
R0500,2024-04-28 03:57:04,Europe,18-24,Male,Data Analyst,Python,Remote,5,Very useful and easy to use,2024-04-28,27
R0501,2024-02-11 07:36:39,Asia-Pacific,25-34,Female,Manager,Python,Hybrid,4,Great experience,2024-02-11,16
R0502,2024-04-03 22:28:52,Asia-Pacific,18-24,Male,Software Engineer,Python,On-Site,4,Loved the flexibility,2024-04-03,21
R0503,2024-01-10 22:30:24,Africa,35-44,Male,Researcher,C++,Remote,3,Works fine,2024-01-10,10
R0504,2024-03-02 00:24:49,Africa,25-34,Male,Researcher,C++,Remote,3,Poor experience,2024-03-02,15
R0505,2024-01-14 04:32:16,Europe,35-44,Male,Researcher,Java,Remote,4,It's okay,2024-01-14,9
R0506,2024-04-23 10:46:35,Europe,18-24,Female,Researcher,C++,Hybrid,3,Works fine,2024-04-23,10
R0507,2024-03-07 23:48:59,Asia-Pacific,35-44,Male,Researcher,Python,Hybrid,4,Great experience,2024-03-07,16
R0508,2024-01-26 19:19:40,North America,35-44,Female,Student,Python,Hybrid,5,Very useful and easy to use,2024-01-26,27
R0509,2024-01-30 11:33:58,North America,18-24,Female,Manager,Java,Hybrid,4,Can be improved,2024-01-30,15
R0510,2024-03-20 09:01:37,Africa,18-24,Female,Manager,C++,On-Site,1,Average experience,2024-03-20,18
R0511,2024-04-25 19:17:36,Africa,18-24,Female,Data Analyst,Java,Remote,3,Can be improved,2024-04-25,15
R0512,2024-03-21 18:47:24,Asia-Pacific,18-24,Male,Manager,Python,Remote,4,Highly efficient tool,2024-03-21,21
R0513,2024-02-18 17:31:22,Middle East,25-34,Male,Researcher,Python,Hybrid,5,Highly efficient tool,2024-02-18,21
R0514,2024-03-30 02:19:20,Africa,18-24,Female,Data Analyst,Python,On-Site,4,Very useful and easy to use,2024-03-30,27
R0515,2024-01-11 16:06:51,Europe,18-24,Male,Software Engineer,Python,Hybrid,4,Great experience,2024-01-11,16
R0516,2024-03-01 19:49:12,North America,45+,Female,Researcher,Python,Remote,5,Great experience,2024-03-01,16
R0517,2024-04-05 01:21:54,Asia-Pacific,25-34,Female,Researcher,Java,Hybrid,2,Works fine,2024-04-05,10
R0518,2024-03-01 03:39:10,Europe,35-44,Female,Manager,R,Remote,3,Not satisfied,2024-03-01,13
R0519,2024-01-12 11:13:54,Europe,25-34,Female,Data Analyst,Javascript,Hybrid,5,Works fine,2024-01-12,10
R0520,2024-01-08 14:41:08,Middle East,18-24,Female,Data Analyst,Python,Hybrid,5,Very useful and easy to use,2024-01-08,27
R0521,2024-04-06 09:49:29,Middle East,25-34,Female,Software Engineer,Javascript,Hybrid,4,Average experience,2024-04-06,18
R0522,2024-03-23 14:20:35,Middle East,25-34,Male,Researcher,Python,On-Site,4,Great experience,2024-03-23,16
R0523,2024-02-16 06:03:25,Europe,18-24,Female,Student,Python,Remote,4,Very useful and easy to use,2024-02-16,27
R0524,2024-01-25 12:45:16,Asia-Pacific,25-34,Male,Researcher,Javascript,Remote,3,Very useful and easy to use,2024-01-25,27
R0525,2024-01-20 21:14:56,Africa,35-44,Female,Data Analyst,Python,Remote,5,Very satisfied with the results,2024-01-20,31
R0526,2024-02-16 16:34:38,North America,18-24,Male,Data Analyst,R,Hybrid,3,Not satisfied,2024-02-16,13
R0527,2024-01-26 16:28:58,Middle East,45+,Female,Student,Python,Remote,5,Highly efficient tool,2024-01-26,21
R0528,2024-04-13 04:58:29,Asia-Pacific,18-24,Male,Software Engineer,C++,Remote,3,Not satisfied,2024-04-13,13
R0529,2024-03-06 07:13:08,Europe,25-34,Male,Student,Python,Remote,5,Highly efficient tool,2024-03-06,21
R0530,2024-02-06 15:24:53,Europe,18-24,Female,Student,Java,On-Site,4,Average experience,2024-02-06,18
R0531,2024-01-03 14:52:57,Africa,45+,Female,Manager,Python,Remote,5,Very satisfied with the results,2024-01-03,31
R0532,2024-03-09 02:24:46,North America,25-34,Male,Data Analyst,Python,Remote,5,Loved the flexibility,2024-03-09,21
R0533,2024-01-15 04:55:14,Middle East,25-34,Male,Student,Python,On-Site,5,Great experience,2024-01-15,16
R0534,2024-03-10 14:01:08,Middle East,18-24,Female,Student,Javascript,Hybrid,4,Loved the flexibility,2024-03-10,21
R0535,2024-02-01 07:04:16,Africa,18-24,Female,Manager,R,On-Site,1,Average experience,2024-02-01,18
R0536,2024-01-12 12:54:04,Europe,35-44,Male,Manager,Javascript,Hybrid,3,Great experience,2024-01-12,16
R0537,2024-03-12 13:17:07,Europe,35-44,Female,Researcher,Javascript,Hybrid,3,It's okay,2024-03-12,9
R0538,2024-04-01 01:25:23,Africa,18-24,Female,Data Analyst,Python,Hybrid,5,Great experience,2024-04-01,16
R0539,2024-01-11 03:10:19,Europe,18-24,Male,Manager,Javascript,On-Site,4,Average experience,2024-01-11,18
R0540,2024-03-14 03:38:21,Asia-Pacific,25-34,Female,Researcher,Javascript,Hybrid,4,Nothing special,2024-03-14,15
R0541,2024-04-15 04:32:24,North America,25-34,Male,Data Analyst,R,Hybrid,3,Poor experience,2024-04-15,15
R0542,2024-01-19 17:56:28,Africa,25-34,Female,Student,Javascript,On-Site,3,Very useful and easy to use,2024-01-19,27
R0543,2024-04-05 03:50:11,Middle East,18-24,Male,Researcher,Javascript,On-Site,5,Highly efficient tool,2024-04-05,21
R0544,2024-01-31 17:46:12,Africa,18-24,Male,Manager,C++,Remote,3,It's okay,2024-01-31,9
R0545,2024-02-27 04:28:40,Africa,18-24,Female,Software Engineer,R,Hybrid,2,It's okay,2024-02-27,9
R0546,2024-03-09 20:21:55,Asia-Pacific,18-24,Female,Software Engineer,Python,On-Site,4,Very satisfied with the results,2024-03-09,31
R0547,2024-04-22 06:12:02,Asia-Pacific,25-34,Female,Student,Python,Remote,5,Loved the flexibility,2024-04-22,21
R0548,2024-01-01 16:58:50,Europe,35-44,Male,Manager,Java,Remote,4,It's okay,2024-01-01,9
R0549,2024-03-07 01:55:53,Middle East,25-34,Female,Software Engineer,C++,Remote,2,Average experience,2024-03-07,18
R0550,2024-04-22 20:38:14,Asia-Pacific,45+,Female,Data Analyst,R,Hybrid,2,Nothing special,2024-04-22,15
R0551,2024-03-08 20:02:59,Asia-Pacific,35-44,Female,Software Engineer,Java,Hybrid,3,Works fine,2024-03-08,10
R0552,2024-04-24 01:41:46,Middle East,18-24,Male,Student,Javascript,On-Site,3,Very satisfied with the results,2024-04-24,31
R0553,2024-03-02 22:43:38,Asia-Pacific,45+,Male,Data Analyst,Python,Remote,4,Great experience,2024-03-02,16
R0554,2024-03-07 23:48:13,Africa,35-44,Female,Student,Python,Remote,4,Very satisfied with the results,2024-03-07,31
R0555,2024-02-23 03:56:35,Africa,18-24,Male,Data Analyst,Python,Hybrid,5,Great experience,2024-02-23,16
R0556,2024-02-21 19:59:47,Europe,18-24,Male,Data Analyst,Javascript,Hybrid,3,Average experience,2024-02-21,18
R0557,2024-03-13 00:38:38,North America,25-34,Female,Researcher,Python,Remote,5,Very useful and easy to use,2024-03-13,27
R0558,2024-01-07 23:33:41,Europe,18-24,Male,Researcher,Python,Hybrid,4,Loved the flexibility,2024-01-07,21
R0559,2024-02-27 10:50:42,North America,18-24,Male,Software Engineer,Javascript,Remote,5,Very useful and easy to use,2024-02-27,27
R0560,2024-02-15 11:48:53,Africa,18-24,Male,Student,Javascript,Remote,5,It's okay,2024-02-15,9
R0561,2024-01-24 14:20:17,Africa,18-24,Male,Software Engineer,Python,Remote,4,Loved the flexibility,2024-01-24,21
R0562,2024-03-13 12:44:53,Africa,18-24,Female,Student,Java,Hybrid,4,Works fine,2024-03-13,10
R0563,2024-04-21 10:22:07,Middle East,25-34,Male,Manager,Python,Remote,5,Highly efficient tool,2024-04-21,21
R0564,2024-02-28 17:00:22,Middle East,18-24,Male,Software Engineer,Python,Hybrid,4,Very satisfied with the results,2024-02-28,31
R0565,2024-01-10 06:42:21,Asia-Pacific,25-34,Female,Data Analyst,Python,Remote,5,Great experience,2024-01-10,16
R0566,2024-02-19 11:18:57,Africa,35-44,Female,Student,Javascript,On-Site,4,Can be improved,2024-02-19,15
R0567,2024-01-18 18:44:50,Africa,25-34,Female,Manager,R,Remote,2,Average experience,2024-01-18,18
R0568,2024-04-15 09:57:44,Asia-Pacific,35-44,Male,Student,Python,Remote,5,Great experience,2024-04-15,16
R0569,2024-03-21 13:44:07,Asia-Pacific,18-24,Female,Data Analyst,Java,Remote,3,Nothing special,2024-03-21,15
R0570,2024-01-20 17:03:25,Europe,35-44,Male,Researcher,R,Hybrid,1,Can be improved,2024-01-20,15
R0571,2024-01-30 08:27:47,Africa,18-24,Male,Data Analyst,R,Remote,3,Not satisfied,2024-01-30,13
R0572,2024-02-27 11:39:18,Africa,35-44,Male,Manager,Python,Hybrid,4,Loved the flexibility,2024-02-27,21
R0573,2024-04-06 16:14:01,Europe,35-44,Male,Manager,Javascript,On-Site,4,Great experience,2024-04-06,16
R0574,2024-02-17 08:38:15,Middle East,45+,Male,Researcher,Javascript,Remote,3,Highly efficient tool,2024-02-17,21
R0575,2024-01-23 06:45:44,North America,18-24,Male,Student,Java,Remote,2,Can be improved,2024-01-23,15
R0576,2024-04-13 04:11:57,Africa,45+,Female,Researcher,Javascript,Hybrid,3,Highly efficient tool,2024-04-13,21
R0577,2024-04-19 06:13:36,Middle East,18-24,Female,Researcher,C++,On-Site,3,Average experience,2024-04-19,18
R0578,2024-01-17 00:30:40,Asia-Pacific,35-44,Male,Software Engineer,Javascript,Hybrid,4,Loved the flexibility,2024-01-17,21
R0579,2024-01-08 16:58:09,Middle East,18-24,Female,Manager,Java,On-Site,3,Average experience,2024-01-08,18
R0580,2024-01-01 10:08:30,Asia-Pacific,18-24,Male,Manager,Python,On-Site,5,Great experience,2024-01-01,16
R0581,2024-02-26 02:09:10,Middle East,25-34,Male,Researcher,C++,Hybrid,3,Works fine,2024-02-26,10
R0582,2024-01-09 07:42:50,Asia-Pacific,18-24,Female,Software Engineer,Python,Remote,5,Highly efficient tool,2024-01-09,21
R0583,2024-01-03 20:28:08,Middle East,18-24,Female,Researcher,Javascript,Remote,3,Average experience,2024-01-03,18
R0584,2024-03-25 07:39:25,Europe,18-24,Male,Manager,Python,Hybrid,4,Highly efficient tool,2024-03-25,21
R0585,2024-04-27 21:41:58,Africa,25-34,Female,Manager,C++,Hybrid,1,Not satisfied,2024-04-27,13
R0586,2024-04-22 06:34:23,Europe,35-44,Female,Data Analyst,Javascript,Remote,3,Very useful and easy to use,2024-04-22,27
R0587,2024-04-28 18:30:45,North America,25-34,Male,Manager,Javascript,Hybrid,3,Very useful and easy to use,2024-04-28,27
R0588,2024-04-12 00:12:18,Asia-Pacific,35-44,Male,Manager,C++,On-Site,3,Can be improved,2024-04-12,15
R0589,2024-03-20 15:33:14,Asia-Pacific,18-24,Female,Manager,Javascript,Remote,3,Average experience,2024-03-20,18
R0590,2024-03-11 00:53:59,Africa,18-24,Female,Data Analyst,Java,Hybrid,4,Average experience,2024-03-11,18
R0591,2024-02-21 02:45:02,North America,18-24,Female,Researcher,Python,Hybrid,5,Very useful and easy to use,2024-02-21,27
R0592,2024-04-09 17:51:42,Africa,25-34,Male,Manager,R,Hybrid,2,Needs improvement,2024-04-09,17
R0593,2024-01-01 19:07:10,North America,35-44,Male,Data Analyst,R,On-Site,1,Average experience,2024-01-01,18
R0594,2024-01-17 03:52:22,Europe,18-24,Female,Data Analyst,Python,Hybrid,4,Great experience,2024-01-17,16
R0595,2024-03-09 10:47:06,Middle East,18-24,Male,Software Engineer,Javascript,Hybrid,4,Very satisfied with the results,2024-03-09,31
R0596,2024-01-28 13:51:53,Asia-Pacific,35-44,Female,Software Engineer,C++,Remote,3,Needs improvement,2024-01-28,17
R0597,2024-03-09 06:16:16,Europe,35-44,Male,Student,Python,On-Site,4,Very satisfied with the results,2024-03-09,31
R0598,2024-03-17 18:41:27,Europe,18-24,Male,Student,C++,Remote,2,Not very user friendly,2024-03-17,22
R0599,2024-03-19 05:03:08,Europe,18-24,Male,Data Analyst,Python,Hybrid,5,Very useful and easy to use,2024-03-19,27
R0600,2024-01-08 09:04:15,Europe,45+,Male,Researcher,Java,Hybrid,3,Average experience,2024-01-08,18
R0601,2024-03-10 23:19:09,North America,18-24,Male,Student,Javascript,Hybrid,3,Can be improved,2024-03-10,15
R0602,2024-02-29 04:46:18,Asia-Pacific,18-24,Female,Researcher,R,Hybrid,1,Not very user friendly,2024-02-29,22
R0603,2024-02-08 04:21:28,Middle East,18-24,Male,Researcher,Java,Hybrid,2,Works fine,2024-02-08,10
R0604,2024-01-26 13:47:51,Middle East,35-44,Female,Software Engineer,Javascript,Remote,3,Nothing special,2024-01-26,15
R0605,2024-02-22 08:52:49,North America,25-34,Male,Manager,Javascript,Hybrid,5,Nothing special,2024-02-22,15
R0606,2024-01-17 22:18:33,North America,18-24,Female,Manager,Javascript,Hybrid,3,Works fine,2024-01-17,10
R0607,2024-02-09 02:49:41,Europe,25-34,Female,Student,Python,Remote,5,Very satisfied with the results,2024-02-09,31
R0608,2024-03-08 07:18:59,Asia-Pacific,25-34,Female,Manager,Javascript,Remote,3,Nothing special,2024-03-08,15
R0609,2024-03-03 11:57:08,Europe,18-24,Male,Data Analyst,Javascript,Hybrid,3,Very useful and easy to use,2024-03-03,27
R0610,2024-04-15 04:41:12,Europe,45+,Female,Data Analyst,Python,Hybrid,5,Very useful and easy to use,2024-04-15,27
R0611,2024-01-10 22:43:37,Europe,18-24,Male,Researcher,Javascript,Hybrid,4,Great experience,2024-01-10,16
R0612,2024-01-08 00:59:37,Europe,18-24,Female,Data Analyst,C++,Hybrid,2,Not very user friendly,2024-01-08,22
R0613,2024-02-07 13:31:13,North America,25-34,Male,Student,C++,Hybrid,2,Can be improved,2024-02-07,15
R0614,2024-01-27 02:35:48,Middle East,35-44,Male,Manager,Python,On-Site,5,Very useful and easy to use,2024-01-27,27
R0615,2024-02-05 12:05:13,Middle East,18-24,Female,Data Analyst,Javascript,Hybrid,3,Works fine,2024-02-05,10
R0616,2024-01-22 22:46:24,Africa,18-24,Female,Data Analyst,Python,Remote,5,Very satisfied with the results,2024-01-22,31
R0617,2024-04-15 07:59:23,Africa,25-34,Male,Software Engineer,Javascript,Remote,4,Nothing special,2024-04-15,15
R0618,2024-03-06 09:57:48,Middle East,18-24,Male,Manager,Python,On-Site,4,Very useful and easy to use,2024-03-06,27
R0619,2024-04-19 12:11:01,Asia-Pacific,35-44,Male,Software Engineer,Java,Hybrid,3,It's okay,2024-04-19,9
R0620,2024-02-29 03:18:26,Europe,18-24,Male,Researcher,Python,Hybrid,4,Very satisfied with the results,2024-02-29,31
R0621,2024-04-02 06:11:26,Middle East,35-44,Female,Student,Javascript,On-Site,5,Loved the flexibility,2024-04-02,21
R0622,2024-01-28 19:19:13,Asia-Pacific,25-34,Female,Manager,Python,Hybrid,4,Very satisfied with the results,2024-01-28,31
R0623,2024-03-08 04:49:15,North America,18-24,Male,Software Engineer,Python,Remote,4,Very useful and easy to use,2024-03-08,27
R0624,2024-02-12 18:23:08,Africa,18-24,Male,Researcher,Python,Hybrid,4,Great experience,2024-02-12,16
R0625,2024-04-24 07:09:07,Asia-Pacific,18-24,Male,Software Engineer,Java,Remote,2,It's okay,2024-04-24,9
R0626,2024-01-27 18:24:52,Europe,18-24,Male,Data Analyst,Python,On-Site,5,Great experience,2024-01-27,16
R0627,2024-02-18 05:26:55,Europe,18-24,Female,Researcher,Python,Remote,5,Great experience,2024-02-18,16
R0628,2024-03-20 16:13:45,Asia-Pacific,25-34,Male,Manager,Python,Hybrid,4,Very satisfied with the results,2024-03-20,31
R0629,2024-01-22 17:10:40,Middle East,18-24,Male,Data Analyst,Javascript,Hybrid,5,Loved the flexibility,2024-01-22,21
R0630,2024-02-22 00:39:44,North America,18-24,Female,Student,Java,Remote,4,Average experience,2024-02-22,18
R0631,2024-04-24 18:22:12,Middle East,25-34,Female,Software Engineer,Python,Hybrid,4,Very useful and easy to use,2024-04-24,27
R0632,2024-01-22 08:22:46,Europe,18-24,Female,Researcher,Python,Hybrid,4,Highly efficient tool,2024-01-22,21
R0633,2024-01-04 12:48:44,Asia-Pacific,25-34,Female,Software Engineer,Javascript,Hybrid,3,Highly efficient tool,2024-01-04,21
R0634,2024-02-02 10:57:26,Africa,35-44,Female,Software Engineer,Java,Remote,4,It's okay,2024-02-02,9
R0635,2024-01-05 08:51:15,North America,35-44,Male,Data Analyst,Python,Remote,4,Great experience,2024-01-05,16
R0636,2024-04-26 14:51:04,North America,18-24,Female,Manager,Javascript,Hybrid,3,Highly efficient tool,2024-04-26,21
R0637,2024-03-23 17:57:07,Africa,18-24,Male,Software Engineer,Python,On-Site,4,Loved the flexibility,2024-03-23,21
R0638,2024-04-24 14:32:52,North America,18-24,Female,Researcher,Java,On-Site,4,Can be improved,2024-04-24,15
R0639,2024-04-12 12:31:07,Middle East,25-34,Female,Student,Python,Remote,4,Highly efficient tool,2024-04-12,21
R0640,2024-03-12 21:54:31,Asia-Pacific,35-44,Female,Data Analyst,Python,Hybrid,5,Very satisfied with the results,2024-03-12,31
R0641,2024-03-26 06:53:30,Africa,45+,Female,Researcher,R,Hybrid,2,It's okay,2024-03-26,9
R0642,2024-01-01 20:21:43,North America,18-24,Female,Student,Python,Hybrid,5,Loved the flexibility,2024-01-01,21
R0643,2024-01-28 11:24:51,Asia-Pacific,18-24,Male,Researcher,Javascript,Remote,5,Loved the flexibility,2024-01-28,21
R0644,2024-02-22 15:52:35,Africa,45+,Male,Data Analyst,Java,Remote,3,Works fine,2024-02-22,10
R0645,2024-03-27 12:35:18,Europe,18-24,Female,Researcher,Python,On-Site,4,Great experience,2024-03-27,16
R0646,2024-02-24 07:34:01,Middle East,25-34,Male,Software Engineer,Python,Remote,4,Loved the flexibility,2024-02-24,21
R0647,2024-02-18 19:09:25,North America,18-24,Male,Software Engineer,R,Hybrid,3,Not very user friendly,2024-02-18,22
R0648,2024-01-20 19:14:41,North America,18-24,Female,Software Engineer,Java,On-Site,3,Average experience,2024-01-20,18
R0649,2024-03-28 16:13:04,Middle East,25-34,Male,Data Analyst,Python,Remote,5,Highly efficient tool,2024-03-28,21
R0650,2024-02-11 22:41:38,Middle East,35-44,Female,Student,Python,Hybrid,4,Great experience,2024-02-11,16
R0651,2024-02-23 15:46:44,Asia-Pacific,45+,Female,Manager,Python,Remote,5,Highly efficient tool,2024-02-23,21
R0652,2024-01-04 06:44:21,Europe,18-24,Male,Manager,Javascript,Remote,5,Nothing special,2024-01-04,15
R0653,2024-03-02 14:06:11,North America,18-24,Female,Researcher,Javascript,Remote,3,Works fine,2024-03-02,10
R0654,2024-03-06 13:18:53,Europe,25-34,Male,Student,Java,On-Site,2,Can be improved,2024-03-06,15
R0655,2024-02-03 07:08:10,North America,25-34,Female,Student,Python,Hybrid,5,Loved the flexibility,2024-02-03,21
R0656,2024-04-19 00:51:17,Europe,18-24,Male,Software Engineer,Javascript,Remote,4,Can be improved,2024-04-19,15
R0657,2024-03-31 12:28:15,Middle East,25-34,Male,Software Engineer,C++,Remote,1,Poor experience,2024-03-31,15
R0658,2024-03-03 13:40:39,Asia-Pacific,45+,Male,Student,Python,On-Site,4,Highly efficient tool,2024-03-03,21
R0659,2024-04-13 20:27:32,North America,18-24,Female,Researcher,Java,On-Site,4,Average experience,2024-04-13,18
R0660,2024-02-10 04:07:22,Europe,25-34,Male,Software Engineer,Javascript,Remote,5,It's okay,2024-02-10,9
R0661,2024-04-27 15:07:17,Africa,18-24,Female,Student,Python,On-Site,4,Highly efficient tool,2024-04-27,21
R0662,2024-03-18 18:24:24,Asia-Pacific,35-44,Female,Researcher,C++,Remote,3,Nothing special,2024-03-18,15
R0663,2024-01-09 04:03:55,Asia-Pacific,18-24,Male,Data Analyst,Javascript,Remote,5,Very satisfied with the results,2024-01-09,31
R0664,2024-01-05 03:35:20,Asia-Pacific,25-34,Male,Researcher,Javascript,On-Site,5,It's okay,2024-01-05,9
R0665,2024-02-27 22:52:09,North America,25-34,Male,Student,C++,Hybrid,2,Average experience,2024-02-27,18
R0666,2024-04-07 09:55:38,Asia-Pacific,35-44,Female,Researcher,Python,Remote,5,Very satisfied with the results,2024-04-07,31
R0667,2024-04-15 22:16:46,Africa,18-24,Male,Software Engineer,Python,On-Site,4,Great experience,2024-04-15,16
R0668,2024-03-07 02:27:53,Africa,25-34,Female,Student,Javascript,Remote,4,Great experience,2024-03-07,16
R0669,2024-01-15 15:54:43,Middle East,45+,Male,Manager,Python,Remote,4,Great experience,2024-01-15,16
R0670,2024-03-18 08:59:36,Middle East,35-44,Male,Software Engineer,Python,Hybrid,5,Very useful and easy to use,2024-03-18,27
R0671,2024-03-26 20:44:06,North America,18-24,Female,Data Analyst,Javascript,On-Site,4,Average experience,2024-03-26,18
R0672,2024-03-24 09:29:54,Europe,25-34,Male,Data Analyst,Javascript,Hybrid,5,Can be improved,2024-03-24,15
R0673,2024-04-09 12:55:19,Middle East,25-34,Male,Manager,C++,On-Site,3,Works fine,2024-04-09,10
R0674,2024-01-31 07:16:13,Europe,45+,Female,Manager,Javascript,Hybrid,5,Average experience,2024-01-31,18
R0675,2024-04-06 11:37:43,Africa,45+,Male,Student,Python,Remote,4,Very useful and easy to use,2024-04-06,27
R0676,2024-04-03 13:41:10,Asia-Pacific,35-44,Female,Manager,Python,Remote,5,Highly efficient tool,2024-04-03,21
R0677,2024-04-18 20:02:42,Middle East,25-34,Male,Data Analyst,Python,Remote,5,Highly efficient tool,2024-04-18,21
R0678,2024-03-14 18:43:44,Asia-Pacific,35-44,Male,Data Analyst,Java,Remote,2,Can be improved,2024-03-14,15
R0679,2024-03-15 06:57:12,Europe,35-44,Male,Manager,R,Remote,1,Nothing special,2024-03-15,15
R0680,2024-01-18 05:37:35,Europe,18-24,Male,Researcher,Javascript,On-Site,5,Highly efficient tool,2024-01-18,21
R0681,2024-01-11 01:13:30,Asia-Pacific,45+,Female,Manager,Java,Remote,2,It's okay,2024-01-11,9
R0682,2024-03-10 23:29:53,Middle East,25-34,Male,Manager,Python,Remote,5,Very useful and easy to use,2024-03-10,27
R0683,2024-04-23 19:44:16,Europe,18-24,Female,Data Analyst,Java,Remote,4,It's okay,2024-04-23,9
R0684,2024-02-26 00:18:04,Asia-Pacific,18-24,Female,Data Analyst,Javascript,Remote,4,Loved the flexibility,2024-02-26,21
R0685,2024-03-06 19:33:51,North America,18-24,Female,Software Engineer,Python,On-Site,5,Very useful and easy to use,2024-03-06,27
R0686,2024-03-05 11:58:19,North America,25-34,Female,Data Analyst,Java,On-Site,2,Can be improved,2024-03-05,15
R0687,2024-02-02 06:31:05,Europe,35-44,Male,Data Analyst,Python,Remote,4,Very satisfied with the results,2024-02-02,31
R0688,2024-02-16 18:40:02,Europe,25-34,Male,Researcher,Java,Remote,3,Nothing special,2024-02-16,15
R0689,2024-01-09 17:39:54,North America,18-24,Female,Student,Javascript,Hybrid,4,Average experience,2024-01-09,18
R0690,2024-04-17 03:36:15,North America,35-44,Male,Student,Python,Hybrid,4,Loved the flexibility,2024-04-17,21
R0691,2024-03-19 08:53:39,Middle East,25-34,Female,Student,Python,Hybrid,5,Very useful and easy to use,2024-03-19,27
R0692,2024-04-11 11:50:12,North America,35-44,Male,Manager,C++,On-Site,2,Works fine,2024-04-11,10
R0693,2024-03-29 22:21:27,Asia-Pacific,18-24,Female,Manager,Javascript,Hybrid,5,Nothing special,2024-03-29,15
R0694,2024-01-28 08:07:47,North America,35-44,Male,Manager,Javascript,Remote,4,Can be improved,2024-01-28,15
R0695,2024-03-25 01:35:58,Asia-Pacific,25-34,Female,Student,Python,On-Site,5,Very satisfied with the results,2024-03-25,31
R0696,2024-04-18 06:32:06,Middle East,35-44,Female,Data Analyst,R,Remote,2,Needs improvement,2024-04-18,17
R0697,2024-02-29 08:13:26,Africa,25-34,Male,Researcher,Python,Remote,4,Very satisfied with the results,2024-02-29,31
R0698,2024-01-16 22:07:10,North America,35-44,Male,Software Engineer,C++,Hybrid,2,Poor experience,2024-01-16,15
R0699,2024-01-13 20:39:36,North America,18-24,Male,Software Engineer,Python,On-Site,5,Highly efficient tool,2024-01-13,21
R0700,2024-03-19 15:34:24,North America,25-34,Male,Data Analyst,Python,Remote,4,Highly efficient tool,2024-03-19,21
R0701,2024-04-25 19:51:58,Africa,18-24,Male,Data Analyst,Javascript,Hybrid,4,Average experience,2024-04-25,18
R0702,2024-03-15 19:03:44,North America,18-24,Female,Software Engineer,R,Hybrid,3,Had some issues,2024-03-15,15
R0703,2024-01-20 18:37:57,North America,18-24,Male,Student,Javascript,Hybrid,3,Very useful and easy to use,2024-01-20,27
R0704,2024-01-08 23:54:14,Africa,35-44,Female,Data Analyst,Python,Hybrid,4,Highly efficient tool,2024-01-08,21
R0705,2024-02-16 19:56:55,North America,18-24,Male,Student,Python,Remote,5,Great experience,2024-02-16,16
R0706,2024-03-19 04:26:23,Africa,18-24,Male,Data Analyst,Python,On-Site,4,Great experience,2024-03-19,16
R0707,2024-02-17 20:40:55,North America,45+,Male,Researcher,C++,On-Site,3,Not satisfied,2024-02-17,13
R0708,2024-04-04 20:50:04,Asia-Pacific,25-34,Male,Researcher,Javascript,Remote,4,Average experience,2024-04-04,18
R0709,2024-01-08 18:49:24,Africa,45+,Female,Manager,Python,Hybrid,4,Loved the flexibility,2024-01-08,21
R0710,2024-01-22 09:49:20,North America,25-34,Male,Data Analyst,Javascript,On-Site,5,It's okay,2024-01-22,9
R0711,2024-03-17 00:38:59,Europe,18-24,Female,Student,Javascript,Hybrid,4,Loved the flexibility,2024-03-17,21
R0712,2024-02-01 23:09:49,North America,25-34,Female,Manager,R,Hybrid,3,Works fine,2024-02-01,10
R0713,2024-01-09 10:59:49,North America,18-24,Male,Software Engineer,Javascript,Remote,3,Can be improved,2024-01-09,15
R0714,2024-03-15 09:35:06,Asia-Pacific,18-24,Female,Software Engineer,Java,Hybrid,4,It's okay,2024-03-15,9
R0715,2024-02-16 10:58:04,Middle East,18-24,Female,Researcher,Python,Hybrid,4,Loved the flexibility,2024-02-16,21
R0716,2024-03-04 19:50:21,Asia-Pacific,18-24,Female,Researcher,Python,Remote,5,Great experience,2024-03-04,16
R0717,2024-03-26 08:23:49,Europe,25-34,Female,Software Engineer,Python,On-Site,4,Very satisfied with the results,2024-03-26,31
R0718,2024-02-15 15:23:15,Asia-Pacific,35-44,Male,Researcher,Python,On-Site,5,Very satisfied with the results,2024-02-15,31
R0719,2024-02-21 23:34:09,Asia-Pacific,35-44,Female,Manager,Python,Remote,4,Loved the flexibility,2024-02-21,21
R0720,2024-02-16 20:26:26,Europe,18-24,Female,Researcher,C++,Remote,2,It's okay,2024-02-16,9
R0721,2024-01-09 22:27:25,Africa,35-44,Female,Student,Python,Hybrid,5,Very satisfied with the results,2024-01-09,31
R0722,2024-02-26 06:19:28,North America,25-34,Female,Manager,Python,Remote,4,Very satisfied with the results,2024-02-26,31
R0723,2024-04-05 01:22:22,Europe,25-34,Male,Software Engineer,C++,Remote,1,Needs improvement,2024-04-05,17
R0724,2024-03-14 10:42:34,Middle East,35-44,Female,Data Analyst,Python,Hybrid,5,Loved the flexibility,2024-03-14,21
R0725,2024-03-03 21:13:30,North America,18-24,Female,Data Analyst,Java,Hybrid,4,Works fine,2024-03-03,10
R0726,2024-02-03 20:12:24,Middle East,18-24,Female,Student,Python,Hybrid,5,Very useful and easy to use,2024-02-03,27
R0727,2024-02-11 08:14:37,Europe,18-24,Male,Manager,R,Remote,1,Can be improved,2024-02-11,15
R0728,2024-01-24 13:06:24,North America,35-44,Male,Student,C++,Hybrid,2,Needs improvement,2024-01-24,17
R0729,2024-02-25 03:14:49,North America,35-44,Female,Manager,Python,Hybrid,4,Highly efficient tool,2024-02-25,21
R0730,2024-04-15 13:52:27,Middle East,18-24,Female,Data Analyst,Python,Hybrid,5,Highly efficient tool,2024-04-15,21
R0731,2024-03-21 18:27:41,Africa,35-44,Male,Student,Java,Remote,4,Nothing special,2024-03-21,15
R0732,2024-03-03 10:39:13,Middle East,35-44,Male,Researcher,Python,Remote,4,Very satisfied with the results,2024-03-03,31
R0733,2024-01-26 04:37:30,Europe,18-24,Male,Data Analyst,R,On-Site,1,Not satisfied,2024-01-26,13
R0734,2024-04-23 10:23:55,Middle East,18-24,Male,Student,Python,Remote,5,Great experience,2024-04-23,16
R0735,2024-02-23 17:02:32,Asia-Pacific,18-24,Male,Software Engineer,Javascript,Remote,5,Great experience,2024-02-23,16
R0736,2024-04-07 13:17:29,North America,18-24,Male,Manager,C++,Hybrid,1,Had some issues,2024-04-07,15
R0737,2024-02-11 18:08:26,Asia-Pacific,35-44,Female,Data Analyst,Javascript,Hybrid,3,Average experience,2024-02-11,18
R0738,2024-01-14 12:07:12,North America,18-24,Female,Researcher,Python,Remote,4,Highly efficient tool,2024-01-14,21
R0739,2024-02-29 20:34:40,North America,18-24,Female,Manager,Java,Hybrid,3,Nothing special,2024-02-29,15
R0740,2024-03-03 08:18:02,Europe,45+,Female,Manager,Javascript,Remote,3,Average experience,2024-03-03,18
R0741,2024-02-22 09:23:01,Asia-Pacific,18-24,Male,Software Engineer,R,Remote,1,Not satisfied,2024-02-22,13
R0742,2024-03-29 07:29:35,Asia-Pacific,18-24,Male,Researcher,Javascript,Hybrid,4,Highly efficient tool,2024-03-29,21
R0743,2024-04-25 08:44:05,Middle East,35-44,Male,Software Engineer,Java,On-Site,3,Works fine,2024-04-25,10
R0744,2024-03-24 03:01:13,Middle East,18-24,Female,Student,Javascript,Hybrid,4,Average experience,2024-03-24,18
R0745,2024-04-23 02:48:45,North America,25-34,Male,Software Engineer,R,On-Site,1,Poor experience,2024-04-23,15
R0746,2024-02-01 23:18:48,Asia-Pacific,18-24,Female,Researcher,Python,Hybrid,5,Loved the flexibility,2024-02-01,21
R0747,2024-04-13 06:39:45,North America,25-34,Female,Researcher,Javascript,Remote,3,Great experience,2024-04-13,16
R0748,2024-01-21 01:33:54,Asia-Pacific,25-34,Male,Data Analyst,Python,Hybrid,4,Highly efficient tool,2024-01-21,21
R0749,2024-04-19 08:02:01,Middle East,35-44,Male,Researcher,Python,On-Site,5,Highly efficient tool,2024-04-19,21
R0750,2024-04-23 09:00:36,Africa,35-44,Male,Researcher,Python,Remote,4,Great experience,2024-04-23,16
R0751,2024-03-12 21:29:34,Asia-Pacific,25-34,Male,Manager,Python,Remote,5,Very satisfied with the results,2024-03-12,31
R0752,2024-04-11 21:04:20,Middle East,18-24,Female,Student,Javascript,Remote,5,It's okay,2024-04-11,9
R0753,2024-03-04 22:03:13,Asia-Pacific,35-44,Female,Manager,Python,Hybrid,5,Highly efficient tool,2024-03-04,21
R0754,2024-01-10 20:49:34,Europe,25-34,Male,Manager,Javascript,On-Site,3,Nothing special,2024-01-10,15
R0755,2024-01-26 00:47:17,Africa,25-34,Female,Software Engineer,Javascript,On-Site,4,Average experience,2024-01-26,18
R0756,2024-04-03 06:09:11,Asia-Pacific,25-34,Female,Manager,Python,Remote,5,Loved the flexibility,2024-04-03,21
R0757,2024-01-24 19:24:56,Europe,18-24,Female,Manager,Javascript,Hybrid,3,Loved the flexibility,2024-01-24,21
R0758,2024-04-11 07:47:51,Middle East,18-24,Male,Researcher,Java,On-Site,4,Can be improved,2024-04-11,15
R0759,2024-04-23 21:06:52,Africa,25-34,Female,Data Analyst,Java,Hybrid,2,Works fine,2024-04-23,10
R0760,2024-01-31 19:51:16,Asia-Pacific,18-24,Male,Researcher,Javascript,Remote,3,It's okay,2024-01-31,9
R0761,2024-03-04 03:30:33,Asia-Pacific,35-44,Female,Manager,Javascript,Remote,5,It's okay,2024-03-04,9
R0762,2024-03-24 12:27:18,Africa,25-34,Female,Data Analyst,R,Hybrid,3,Nothing special,2024-03-24,15
R0763,2024-01-25 17:44:00,Africa,25-34,Female,Manager,Python,Hybrid,4,Great experience,2024-01-25,16
R0764,2024-02-06 12:48:17,Africa,35-44,Female,Student,R,Remote,3,Works fine,2024-02-06,10
R0765,2024-04-26 08:57:10,Africa,18-24,Male,Researcher,Python,On-Site,5,Highly efficient tool,2024-04-26,21
R0766,2024-02-07 01:10:57,Middle East,35-44,Female,Student,Javascript,Remote,5,Great experience,2024-02-07,16
R0767,2024-04-14 13:08:51,Africa,25-34,Male,Student,Javascript,Hybrid,5,Can be improved,2024-04-14,15
R0768,2024-03-27 08:29:12,Middle East,18-24,Female,Data Analyst,Java,On-Site,3,Average experience,2024-03-27,18
R0769,2024-01-04 03:38:43,North America,35-44,Male,Student,Javascript,Remote,5,It's okay,2024-01-04,9
R0770,2024-04-05 11:10:44,North America,18-24,Female,Data Analyst,Javascript,On-Site,5,Great experience,2024-04-05,16
R0771,2024-04-03 07:15:58,Europe,35-44,Male,Manager,Javascript,Hybrid,3,It's okay,2024-04-03,9
R0772,2024-04-18 15:51:09,Asia-Pacific,18-24,Male,Manager,Python,On-Site,4,Loved the flexibility,2024-04-18,21
R0773,2024-03-14 06:08:12,North America,18-24,Male,Student,Python,Remote,5,Loved the flexibility,2024-03-14,21
R0774,2024-01-26 21:29:49,North America,25-34,Female,Manager,Python,Remote,4,Very satisfied with the results,2024-01-26,31
R0775,2024-02-26 03:09:20,Middle East,18-24,Male,Manager,Python,On-Site,4,Highly efficient tool,2024-02-26,21
R0776,2024-01-02 00:05:13,Asia-Pacific,18-24,Male,Manager,Python,Remote,5,Very useful and easy to use,2024-01-02,27
R0777,2024-02-29 04:16:26,Middle East,18-24,Male,Software Engineer,Javascript,Hybrid,3,Highly efficient tool,2024-02-29,21
R0778,2024-01-24 19:12:47,North America,25-34,Female,Researcher,C++,Hybrid,2,It's okay,2024-01-24,9
R0779,2024-02-22 21:05:19,Africa,18-24,Female,Researcher,Java,Remote,2,Works fine,2024-02-22,10
R0780,2024-01-28 06:46:24,Europe,25-34,Male,Manager,Python,Hybrid,4,Great experience,2024-01-28,16
R0781,2024-01-03 09:46:10,Europe,18-24,Male,Manager,Python,Remote,4,Loved the flexibility,2024-01-03,21
R0782,2024-01-23 18:52:30,Middle East,35-44,Male,Data Analyst,C++,Hybrid,1,Not satisfied,2024-01-23,13
R0783,2024-01-26 11:32:19,Europe,25-34,Male,Researcher,Javascript,Remote,3,Average experience,2024-01-26,18
R0784,2024-02-01 15:01:32,North America,35-44,Male,Student,Javascript,Hybrid,3,It's okay,2024-02-01,9
R0785,2024-03-09 22:16:15,Africa,18-24,Female,Software Engineer,Python,Remote,4,Very useful and easy to use,2024-03-09,27
R0786,2024-02-28 03:00:30,North America,35-44,Female,Manager,Javascript,Remote,3,Highly efficient tool,2024-02-28,21
R0787,2024-02-26 20:10:06,Asia-Pacific,18-24,Female,Student,R,Remote,2,Had some issues,2024-02-26,15
R0788,2024-04-07 09:07:54,Africa,18-24,Female,Manager,Javascript,Hybrid,4,Can be improved,2024-04-07,15
R0789,2024-03-31 10:06:19,North America,25-34,Female,Data Analyst,Javascript,Remote,5,Average experience,2024-03-31,18
R0790,2024-04-25 06:05:17,North America,45+,Female,Data Analyst,C++,Hybrid,2,Works fine,2024-04-25,10
R0791,2024-02-02 07:52:03,Africa,25-34,Female,Data Analyst,R,Hybrid,2,Not very user friendly,2024-02-02,22
R0792,2024-02-15 22:21:36,Asia-Pacific,18-24,Male,Software Engineer,Javascript,On-Site,5,Very satisfied with the results,2024-02-15,31
R0793,2024-04-16 11:08:44,North America,25-34,Female,Manager,Java,Remote,4,Can be improved,2024-04-16,15
R0794,2024-02-01 08:45:39,Africa,25-34,Female,Manager,Python,On-Site,4,Great experience,2024-02-01,16
R0795,2024-01-25 17:25:58,Asia-Pacific,35-44,Female,Manager,C++,Hybrid,3,Not very user friendly,2024-01-25,22
R0796,2024-04-25 14:00:12,Asia-Pacific,35-44,Female,Student,Java,Hybrid,3,Nothing special,2024-04-25,15
R0797,2024-04-10 02:19:40,Asia-Pacific,35-44,Male,Researcher,R,Hybrid,1,Needs improvement,2024-04-10,17
R0798,2024-02-08 17:51:58,Europe,18-24,Male,Data Analyst,Javascript,On-Site,4,Average experience,2024-02-08,18
R0799,2024-02-12 04:35:59,Middle East,35-44,Male,Researcher,Python,Remote,4,Very satisfied with the results,2024-02-12,31
R0800,2024-04-06 02:36:56,Middle East,45+,Female,Researcher,Python,Remote,5,Very satisfied with the results,2024-04-06,31
